<?xml version="1.0" encoding="UTF-8" standalone="no" ?>
<COLLADA version="1.4.1" xmlns="http://www.collada.org/2005/11/COLLADASchema">

  <asset>
    <contributor>
      <authoring_tool>ONSHAPE BY PTC INC, 1.210</authoring_tool>
    </contributor>
    <created>2026-02-06T13:49:27</created>
    <modified>2026-02-06T13:49:27</modified>
    <unit meter="1.5" name="meters"/>
    <up_axis>Z_UP</up_axis>
  </asset>

  <library_materials>
    <material id="ID10" name="ID10">
      <instance_effect url="#ID10-fx"/>
    </material>
    <material id="ID18" name="ID18">
      <instance_effect url="#ID18-fx"/>
    </material>
    <material id="ID26" name="ID26">
      <instance_effect url="#ID26-fx"/>
    </material>
    <material id="ID34" name="ID34">
      <instance_effect url="#ID34-fx"/>
    </material>
    <material id="ID42" name="ID42">
      <instance_effect url="#ID42-fx"/>
    </material>
  </library_materials>

  <library_effects>
    <effect id="ID10-fx" name="ID10">
      <profile_COMMON>
        <technique sid="COMMON">
          <lambert>
            <diffuse>
              <color sid="diffuse">0.913725 0.913725 0.913725 1</color>
            </diffuse>
            <transparent opaque="A_ONE">
              <color sid="transparent">1 1 1 1</color>
            </transparent>
            <transparency>
              <float sid="transparency">1</float>
            </transparency>
          </lambert>
        </technique>
        <extra>
          <technique profile="OTHER">
            <double_sided>1</double_sided>
          </technique>
        </extra>
      </profile_COMMON>
    </effect>
    <effect id="ID18-fx" name="ID18">
      <profile_COMMON>
        <technique sid="COMMON">
          <lambert>
            <diffuse>
              <color sid="diffuse">0.0431373 0.215686 0.403922 1</color>
            </diffuse>
            <transparent opaque="A_ONE">
              <color sid="transparent">1 1 1 1</color>
            </transparent>
            <transparency>
              <float sid="transparency">1</float>
            </transparency>
          </lambert>
        </technique>
        <extra>
          <technique profile="OTHER">
            <double_sided>1</double_sided>
          </technique>
        </extra>
      </profile_COMMON>
    </effect>
    <effect id="ID26-fx" name="ID26">
      <profile_COMMON>
        <technique sid="COMMON">
          <lambert>
            <diffuse>
              <color sid="diffuse">0.764706 0.886275 0.94902 1</color>
            </diffuse>
            <transparent opaque="A_ONE">
              <color sid="transparent">1 1 1 1</color>
            </transparent>
            <transparency>
              <float sid="transparency">1</float>
            </transparency>
          </lambert>
        </technique>
        <extra>
          <technique profile="OTHER">
            <double_sided>1</double_sided>
          </technique>
        </extra>
      </profile_COMMON>
    </effect>
    <effect id="ID34-fx" name="ID34">
      <profile_COMMON>
        <technique sid="COMMON">
          <lambert>
            <diffuse>
              <color sid="diffuse">0.0862745 0.317647 0.690196 1</color>
            </diffuse>
            <transparent opaque="A_ONE">
              <color sid="transparent">1 1 1 1</color>
            </transparent>
            <transparency>
              <float sid="transparency">1</float>
            </transparency>
          </lambert>
        </technique>
        <extra>
          <technique profile="OTHER">
            <double_sided>1</double_sided>
          </technique>
        </extra>
      </profile_COMMON>
    </effect>
    <effect id="ID42-fx" name="ID42">
      <profile_COMMON>
        <technique sid="COMMON">
          <lambert>
            <diffuse>
              <color sid="diffuse">0.32549 0.52549 0.74902 1</color>
            </diffuse>
            <transparent opaque="A_ONE">
              <color sid="transparent">1 1 1 1</color>
            </transparent>
            <transparency>
              <float sid="transparency">1</float>
            </transparency>
          </lambert>
        </technique>
        <extra>
          <technique profile="OTHER">
            <double_sided>1</double_sided>
          </technique>
        </extra>
      </profile_COMMON>
    </effect>
  </library_effects>

  <library_geometries>
    <geometry id="ID4">
      <mesh>
        <source id="ID5">
          <float_array count="1068" id="ID6">0.0119 0.00751555 0.00100275 0.0119 0.00701555 0.00100275 0.0116698 0.00701555 0.000784674 0.0120902 0.00751555 0.00125651 0.0120902 0.00701555 0.00125651 0.0122348 0.00701555 0.00153867 0.0122348 0.00751555 0.00153867 0.0123299 0.00751555 0.00184118 0.0123299 0.00701555 0.00184118 0.0123726 0.00751555 0.00215538 0.0123726 0.00701555 0.00215538 0.0123618 0.00701555 0.00247229 0.0123618 0.00751555 0.00247229 0.0122977 0.00751555 0.00278284 0.0122977 0.00701555 0.00278284 0.0121822 0.00751555 0.00307816 0.0121822 0.00701555 0.00307816 0.0120186 0.00701555 0.00334978 0.0120186 0.00751555 0.00334978 0.0118115 0.00751555 0.00358995 0.0118115 0.00701555 0.00358995 0.011567 0.00751555 0.0037918 0.011567 0.00701555 0.0037918 0.0112919 0.00701555 0.00394955 0.0112919 0.00751555 0.00394955 0.0109942 0.00751555 0.0040587 0.0109942 0.00701555 0.0040587 0.0106824 0.00751555 0.00411611 0.0106824 0.00701555 0.00411611 0.0103653 0.00701555 0.00412015 0.0103653 0.00751555 0.00412015 0.0100521 0.00751555 0.00407071 0.0100521 0.00701555 0.00407071 0.0116698 0.00751555 0.000784674 0.0114062 0.00701555 0.000608503 0.0114062 0.00751555 0.000608503 0.0111166 0.00701555 0.00047928 0.0111166 0.00751555 0.00047928 0.0108094 0.00751555 0.000400701 0.0108094 0.00701555 0.000400701 0.0104933 0.00701555 0.000375012 0.0104933 0.00751555 0.000375012 0.0101775 0.00701555 0.000402949 0.0101775 0.00751555 0.000402949 0.00987083 0.00751555 0.000483712 0.00987083 0.00701555 0.000483712 0.00958219 0.00701555 0.000614993 0.00958219 0.00751555 0.000614993 0.0093198 0.00701555 0.000793035 0.0093198 0.00751555 0.000793035 0.00909116 0.00751555 0.00101275 0.00909116 0.00701555 0.00101275 0.00890282 0.00701555 0.00126785 0.00890282 0.00751555 0.00126785 0.00876015 0.00701555 0.00155103 0.00876015 0.00751555 0.00155103 0.00866725 0.00751555 0.00185421 0.00866725 0.00701555 0.00185421 0.00862676 0.00701555 0.00216871 0.00862676 0.00751555 0.00216871 0.00863985 0.00701555 0.00248554 0.00863985 0.00751555 0.00248554 0.00870614 0.00701555 0.00279562 0.00870614 0.00751555 0.00279562 0.00237865 0.00701555 0.0104475 0.00275527 0.00701555 0.010804 0.00237865 0.00751555 0.0104475 0.00204106 0.00751555 0.0100538 0.00204106 0.00701555 0.0100538 0.0017467 0.00751555 0.00962838 0.0017467 0.00701555 0.00962838 0.00149687 0.00701555 0.00917296 0.00149687 0.00751555 0.00917296 0.00129668 0.00751555 0.00869629 0.00129668 0.00701555 0.00869629 0.00114617 0.00751555 0.00819996 0.00114617 0.00701555 0.00819996 0.00104806 0.00701555 0.00769087 0.00104806 0.00751555 0.00769087 0.00100317 0.00751555 0.00717535 0.00100317 0.00701555 0.00717535 0.00101186 0.00751555 0.00665592 0.00101186 0.00701555 0.00665592 0.00107417 0.00701555 0.0061428 0.00107417 0.00751555 0.0061428 0.0011894 0.00751555 0.00563702 0.0011894 0.00701555 0.00563702 0.00135641 0.00751555 0.00514637 0.00135641 0.00701555 0.00514637 0.00157291 0.00701555 0.00467622 0.00157291 0.00751555 0.00467622 0.00183787 0.00751555 0.00422932 0.00183787 0.00701555 0.00422932 0.00214621 0.00751555 0.00381458 0.00214621 0.00701555 0.00381458 0.00249698 0.00701555 0.00343229 0.00249698 0.00751555 0.00343229 0.00288507 0.00751555 0.00308899 0.00288507 0.00701555 0.00308899 0.00330618 0.00751555 0.00278782 0.00330618 0.00701555 0.00278782 0.00375782 0.00701555 0.00253093 0.00375782 0.00751555 0.00253093 0.00423107 0.00751555 0.00232351 0.00423107 0.00701555 0.00232351 0.00472525 0.00751555 0.00216526 0.00472525 0.00701555 0.00216526 0.00523232 0.00701555 0.00205941 0.00523232 0.00751555 0.00205941 0.00574744 0.00751555 0.00200647 0.00574744 0.00701555 0.00200647 0.00626708 0.00751555 0.00200714 0.00626708 0.00701555 0.00200714 0.00678083 0.00701555 0.00206148 0.00678083 0.00751555 0.00206148 0.00728857 0.00751555 0.00216892 0.00728857 0.00701555 0.00216892 0.00778132 0.00751555 0.00232821 0.00778132 0.00701555 0.00232821 0.0082551 0.00701555 0.00253752 0.0082551 0.00751555 0.00253752 0.00870614 0.00751555 0.00279562 0.00870614 0.00701555 0.00279562 0.00275527 0.00751555 0.010804 0.00316544 0.00751555 0.0111189 0.00316544 0.00701555 0.0111189 0.00360807 0.00701555 0.0113906 0.00360807 0.00751555 0.0113906 0.00407444 0.00701555 0.0116143 0.00407444 0.00751555 0.0116143 0.00456291 0.00751555 0.011789 0.00456291 0.00701555 0.011789 0.00506658 0.00701555 0.011912 0.00506658 0.00751555 0.011912 0.005579 0.00701555 0.0119822 0.005579 0.00751555 0.0119822 0.00609807 0.00751555 0.0119989 0.00609807 0.00701555 0.0119989 0.00661384 0.00701555 0.0119621 0.00661384 0.00751555 0.0119621 0.00712487 0.00701555 0.0118718 0.00712487 0.00751555 0.0118718 0.0076232 0.00751555 0.011729 0.0076232 0.00701555 0.011729 0.00810322 0.00701555 0.0115361 0.00810322 0.00751555 0.0115361 0.00856229 0.00701555 0.0112934 0.00856229 0.00751555 0.0112934 0.00899195 0.00751555 0.011006 0.00899195 0.00701555 0.011006 0.00939117 0.00701555 0.0106741 0.00939117 0.00751555 0.0106741 0.00975323 0.00701555 0.0103033 0.00975323 0.00751555 0.0103033 0.0100746 0.00751555 0.00989778 0.0100746 0.00701555 0.00989778 0.0103531 0.00701555 0.00945955 0.0103531 0.00751555 0.00945955 0.0105838 0.00701555 0.00899709 0.0105838 0.00751555 0.00899709 0.0107662 0.00751555 0.00851087 0.0107662 0.00701555 0.00851087 0.0108969 0.00701555 0.00800946 0.0108969 0.00751555 0.00800946 0.0109751 0.00701555 0.00749782 0.0109751 0.00751555 0.00749782 0.0109998 0.00751555 0.00697928 0.0109998 0.00701555 0.00697928 0.0109711 0.00701555 0.0064634 0.0109711 0.00751555 0.0064634 0.0108885 0.00701555 0.00595052 0.0108885 0.00751555 0.00595052 0.0107536 0.00751555 0.00545033 0.0107536 0.00701555 0.00545033 0.010568 0.00701555 0.00496703 0.010568 0.00751555 0.00496703 0.0103342 0.00701555 0.00450716 0.0103342 0.00751555 0.00450716 0.0100521 0.00701555 0.00407071 0.0100521 0.00751555 0.00407071 0.010568 0.00701555 0.00496703 0.00899195 0.00701555 0.011006 0.0103342 0.00701555 0.00450716 0.00890282 0.00701555 0.00126785 0.00909116 0.00701555 0.00101275 0.00863985 0.00701555 0.00248554 0.0076232 0.00701555 0.011729 0.00712487 0.00701555 0.0118718 0.00870614 0.00701555 0.00279562 0.00862676 0.00701555 0.00216871 0.00876015 0.00701555 0.00155103 0.00866725 0.00701555 0.00185421 0.0100521 0.00701555 0.00407071 0.00778132 0.00701555 0.00232821 0.005579 0.00701555 0.0119822 0.00728857 0.00701555 0.00216892 0.00375782 0.00701555 0.00253093 0.00237865 0.00701555 0.0104475 0.00204106 0.00701555 0.0100538 0.00104806 0.00701555 0.00769087 0.00100317 0.00701555 0.00717535 0.00157291 0.00701555 0.00467622 0.0093198 0.00701555 0.000793035 0.00958219 0.00701555 0.000614993 0.00183787 0.00701555 0.00422932 0.00288507 0.00701555 0.00308899 0.0017467 0.00701555 0.00962838 0.00149687 0.00701555 0.00917296 0.00987083 0.00701555 0.000483712 0.00316544 0.00701555 0.0111189 0.00275527 0.00701555 0.010804 0.00472525 0.00701555 0.00216526 0.00506658 0.00701555 0.011912 0.00678083 0.00701555 0.00206148 0.0108094 0.00701555 0.000400701 0.0111166 0.00701555 0.00047928 0.0101775 0.00701555 0.000402949 0.0116698 0.00701555 0.000784674 0.0119 0.00701555 0.00100275 0.0109942 0.00701555 0.0040587 0.0114062 0.00701555 0.000608503 0.0106824 0.00701555 0.00411611 0.0103653 0.00701555 0.00412015 0.0123299 0.00701555 0.00184118 0.0118115 0.00701555 0.00358995 0.0122348 0.00701555 0.00153867 0.011567 0.00701555 0.0037918 0.0112919 0.00701555 0.00394955 0.0120902 0.00701555 0.00125651 0.0123618 0.00701555 0.00247229 0.0122977 0.00701555 0.00278284 0.0121822 0.00701555 0.00307816 0.0120186 0.00701555 0.00334978 0.0123726 0.00701555 0.00215538 0.0109998 0.00701555 0.00697928 0.0108969 0.00701555 0.00800946 0.0103531 0.00701555 0.00945955 0.0104933 0.00701555 0.000375012 0.0107662 0.00701555 0.00851087 0.0105838 0.00701555 0.00899709 0.0109751 0.00701555 0.00749782 0.0108885 0.00701555 0.00595052 0.0109711 0.00701555 0.0064634 0.0100746 0.00701555 0.00989778 0.00975323 0.00701555 0.0103033 0.0107536 0.00701555 0.00545033 0.00939117 0.00701555 0.0106741 0.00856229 0.00701555 0.0112934 0.00810322 0.00701555 0.0115361 0.00661384 0.00701555 0.0119621 0.00456291 0.00701555 0.011789 0.00609807 0.00701555 0.0119989 0.0082551 0.00701555 0.00253752 0.00523232 0.00701555 0.00205941 0.00360807 0.00701555 0.0113906 0.00626708 0.00701555 0.00200714 0.00407444 0.00701555 0.0116143 0.00574744 0.00701555 0.00200647 0.00330618 0.00701555 0.00278782 0.00423107 0.00701555 0.00232351 0.00114617 0.00701555 0.00819996 0.00214621 0.00701555 0.00381458 0.00129668 0.00701555 0.00869629 0.00249698 0.00701555 0.00343229 0.00101186 0.00701555 0.00665592 0.00107417 0.00701555 0.0061428 0.0011894 0.00701555 0.00563702 0.00135641 0.00701555 0.00514637 0.00100317 0.00751555 0.00717535 0.00107417 0.00751555 0.0061428 0.00101186 0.00751555 0.00665592 0.0108969 0.00751555 0.00800946 0.0109751 0.00751555 0.00749782 0.0109998 0.00751555 0.00697928 0.0105838 0.00751555 0.00899709 0.0107662 0.00751555 0.00851087 0.00890282 0.00751555 0.00126785 0.00863985 0.00751555 0.00248554 0.00909116 0.00751555 0.00101275 0.00958219 0.00751555 0.000614993 0.0093198 0.00751555 0.000793035 0.00870614 0.00751555 0.00279562 0.0103531 0.00751555 0.00945955 0.00987083 0.00751555 0.000483712 0.0100521 0.00751555 0.00407071 0.0108094 0.00751555 0.000400701 0.0104933 0.00751555 0.000375012 0.0108885 0.00751555 0.00595052 0.0109711 0.00751555 0.0064634 0.0119 0.00751555 0.00100275 0.0116698 0.00751555 0.000784674 0.0109942 0.00751555 0.0040587 0.0121822 0.00751555 0.00307816 0.0123726 0.00751555 0.00215538 0.0120186 0.00751555 0.00334978 0.0100746 0.00751555 0.00989778 0.0123299 0.00751555 0.00184118 0.0112919 0.00751555 0.00394955 0.0120902 0.00751555 0.00125651 0.0107536 0.00751555 0.00545033 0.00975323 0.00751555 0.0103033 0.010568 0.00751555 0.00496703 0.00939117 0.00751555 0.0106741 0.00899195 0.00751555 0.011006 0.0103342 0.00751555 0.00450716 0.00856229 0.00751555 0.0112934 0.0076232 0.00751555 0.011729 0.00810322 0.00751555 0.0115361 0.00609807 0.00751555 0.0119989 0.00661384 0.00751555 0.0119621 0.0082551 0.00751555 0.00253752 0.00712487 0.00751555 0.0118718 0.00678083 0.00751555 0.00206148 0.00626708 0.00751555 0.00200714 0.00456291 0.00751555 0.011789 0.00778132 0.00751555 0.00232821 0.00728857 0.00751555 0.00216892 0.005579 0.00751555 0.0119822 0.00316544 0.00751555 0.0111189 0.00523232 0.00751555 0.00205941 0.00472525 0.00751555 0.00216526 0.00407444 0.00751555 0.0116143 0.00574744 0.00751555 0.00200647 0.00204106 0.00751555 0.0100538 0.00237865 0.00751555 0.0104475 0.00375782 0.00751555 0.00253093 0.00423107 0.00751555 0.00232351 0.00275527 0.00751555 0.010804 0.00288507 0.00751555 0.00308899 0.00249698 0.00751555 0.00343229 0.00129668 0.00751555 0.00869629 0.0017467 0.00751555 0.00962838 0.00149687 0.00751555 0.00917296 0.00104806 0.00751555 0.00769087 0.00214621 0.00751555 0.00381458 0.00183787 0.00751555 0.00422932 0.0011894 0.00751555 0.00563702 0.00135641 0.00751555 0.00514637 0.00157291 0.00751555 0.00467622 0.00114617 0.00751555 0.00819996 0.00330618 0.00751555 0.00278782 0.00360807 0.00751555 0.0113906 0.00506658 0.00751555 0.011912 0.00862676 0.00751555 0.00216871 0.00876015 0.00751555 0.00155103 0.00866725 0.00751555 0.00185421 0.0101775 0.00751555 0.000402949 0.0111166 0.00751555 0.00047928 0.011567 0.00751555 0.0037918 0.0106824 0.00751555 0.00411611 0.0114062 0.00751555 0.000608503 0.0103653 0.00751555 0.00412015 0.0123618 0.00751555 0.00247229 0.0122977 0.00751555 0.00278284 0.0122348 0.00751555 0.00153867 0.0118115 0.00751555 0.00358995</float_array>
          <technique_common>
            <accessor count="356" source="#ID6" stride="3">
              <param name="X" type="float"/>
              <param name="Y" type="float"/>
              <param name="Z" type="float"/>
            </accessor>
          </technique_common>
        </source>
        <source id="ID7">
          <float_array count="1068" id="ID8">0.746667 0 -0.665198 0.746667 0 -0.665198 0.623896 0 -0.781507 0.848083 0 -0.529864 0.848083 0 -0.529864 0.925243 0 -0.379375 0.925243 0 -0.379375 0.975941 0 -0.218036 0.975941 0 -0.218036 0.998726 0 -0.0504615 0.998726 0 -0.0504615 0.992947 0 0.118556 0.992947 0 0.118556 0.95877 0 0.284184 0.95877 0 0.284184 0.897171 0 0.441683 0.897171 0 0.441683 0.809913 0 0.58655 0.809913 0 0.58655 0.69949 0 0.714642 0.69949 0 0.714642 0.569062 0 0.822294 0.569062 0 0.822294 0.422359 0 0.906429 0.422359 0 0.906429 0.263576 0 0.964639 0.263576 0 0.964639 0.0972542 0 0.99526 0.0972542 0 0.99526 -0.0718489 0 0.997416 -0.0718489 0 0.997416 -0.238897 0 0.971045 -0.238897 0 0.971045 0.623896 0 -0.781507 0.483281 0 -0.875465 0.483281 0 -0.875465 0.328845 0 -0.944384 0.328845 0 -0.944384 0.165003 0 -0.986293 0.165003 0 -0.986293 -0.00355783 0 -0.999994 -0.00355783 0 -0.999994 -0.172017 0 -0.985094 -0.172017 0 -0.985094 -0.335557 0 -0.94202 -0.335556 0 -0.94202 -0.489499 0 -0.872004 -0.489499 0 -0.872004 -0.629441 0 -0.777048 -0.629441 0 -0.777048 -0.751381 0 -0.659868 -0.751381 0 -0.659868 -0.851831 0 -0.523816 -0.851831 0 -0.523816 -0.927919 0 -0.372782 -0.927919 0 -0.372782 -0.977467 0 -0.211086 -0.977467 0 -0.211086 -0.99906 0 -0.0433535 -0.99906 0 -0.0433539 -0.992079 0 0.125619 -0.992079 0 0.125619 -0.956723 0 0.290999 -0.956723 0 0.290999 -0.72444 0 0.689338 -0.649201 0 0.760617 -0.72444 0 0.689338 -0.791897 0 0.610654 -0.791897 0 0.610654 -0.850849 0 0.525411 -0.850849 0 0.525411 -0.90066 0 0.434524 -0.90066 0 0.434524 -0.940797 0 0.33897 -0.940797 0 0.33897 -0.970829 0 0.239775 -0.970829 0 0.239775 -0.990432 0 0.138004 -0.990432 0 0.138004 -0.999396 0 0.0347504 -0.999396 0 0.0347504 -0.997625 0 -0.0688761 -0.997625 0 -0.0688763 -0.985138 0 -0.171763 -0.985138 0 -0.171763 -0.962069 0 -0.272805 -0.962069 0 -0.272805 -0.928666 0 -0.370916 -0.928666 0 -0.370916 -0.885288 0 -0.465043 -0.885288 0 -0.465043 -0.8324 0 -0.554175 -0.8324 0 -0.554175 -0.770571 0 -0.637354 -0.770571 0 -0.637354 -0.700465 0 -0.713687 -0.700465 0 -0.713687 -0.622834 0 -0.782354 -0.622834 0 -0.782354 -0.538514 0 -0.842617 -0.538514 0 -0.842617 -0.448408 0 -0.893829 -0.448408 0 -0.893829 -0.353487 0 -0.93544 -0.353487 0 -0.93544 -0.254768 0 -0.967002 -0.254768 0 -0.967002 -0.153312 0 -0.988178 -0.153312 0 -0.988178 -0.0502102 0 -0.998739 -0.0502102 0 -0.998739 0.0534314 0 -0.998572 0.0534314 0 -0.998572 0.156499 0 -0.987678 0.156499 0 -0.987678 0.257886 0 -0.966175 0.257886 0 -0.966175 0.356502 0 -0.934295 0.356502 0 -0.934295 0.451289 0 -0.892378 0.451289 0 -0.892378 0.541229 0 -0.840875 0.541229 0 -0.840875 -0.649201 0 0.760617 -0.566988 0 0.823726 -0.566988 0 0.823726 -0.478686 0 0.877986 -0.478686 0 0.877986 -0.385241 0 0.922816 -0.385241 0 0.922816 -0.287658 0 0.957733 -0.287658 0 0.957733 -0.186986 0 0.982363 -0.186986 0 0.982363 -0.0843046 0 0.99644 -0.0843046 0 0.99644 0.0192823 0 0.999814 0.0192823 0 0.999814 0.122662 0 0.992449 0.122662 0 0.992449 0.224724 0 0.974422 0.224724 0 0.974422 0.324372 0 0.945929 0.324372 0 0.945929 0.420536 0 0.907276 0.420536 0 0.907276 0.512183 0 0.858877 0.512183 0 0.858877 0.598328 0 0.801251 0.598328 0 0.801251 0.678046 0 0.73502 0.678046 0 0.73502 0.75048 0 0.660893 0.750481 0 0.660893 0.814854 0 0.579667 0.814854 0 0.579666 0.870474 0 0.492214 0.870474 0 0.492214 0.916744 0 0.399474 0.916745 0 0.399474 0.953167 0 0.302443 0.953167 0 0.302443 0.979352 0 0.202164 0.979352 0 0.202164 0.995016 0 0.0997125 0.995016 0 0.0997125 0.999993 0 -0.00380977 0.999993 0 -0.00380929 0.994228 0 -0.107291 0.994228 0 -0.107291 0.977783 0 -0.20962 0.977783 0 -0.209619 0.950835 0 -0.309697 0.950835 0 -0.309697 0.913674 0 -0.406447 0.913674 0 -0.406447 0.866699 0 -0.498832 0.866699 0 -0.498832 0.810413 0 -0.585858 0.810414 0 -0.585858 0 -1 0 0 -1 0 0 -1 0 0 -1 0 0 -1 0 0 -1 0 0 -1 0 0 -1 0 0 -1 0 0 -1 0 0 -1 0 0 -1 0 0 -1 0 0 -1 0 0 -1 0 0 -1 0 0 -1 0 0 -1 0 0 -1 0 0 -1 0 0 -1 0 0 -1 0 0 -1 0 0 -1 0 0 -1 0 0 -1 0 0 -1 0 0 -1 0 0 -1 0 0 -1 0 0 -1 0 0 -1 0 0 -1 0 0 -1 0 0 -1 0 0 -1 0 0 -1 0 0 -1 0 0 -1 0 0 -1 0 0 -1 0 0 -1 0 0 -1 0 0 -1 0 0 -1 0 0 -1 0 0 -1 0 0 -1 0 0 -1 0 0 -1 0 0 -1 0 0 -1 0 0 -1 0 0 -1 0 0 -1 0 0 -1 0 0 -1 0 0 -1 0 0 -1 0 0 -1 0 0 -1 0 0 -1 0 0 -1 0 0 -1 0 0 -1 0 0 -1 0 0 -1 0 0 -1 0 0 -1 0 0 -1 0 0 -1 0 0 -1 0 0 -1 0 0 -1 0 0 -1 0 0 -1 0 0 -1 0 0 -1 0 0 -1 0 0 -1 0 0 -1 0 0 -1 0 0 -1 0 0 -1 0 0 -1 0 0 -1 0 0 -1 0 0 -1 0 0 1 0 0 1 0 0 1 0 0 1 0 0 1 0 0 1 0 0 1 0 0 1 0 0 1 0 0 1 0 0 1 0 0 1 0 0 1 0 0 1 0 0 1 0 0 1 0 0 1 0 0 1 0 0 1 0 0 1 0 0 1 0 0 1 0 0 1 0 0 1 0 0 1 0 0 1 0 0 1 0 0 1 0 0 1 0 0 1 0 0 1 0 0 1 0 0 1 0 0 1 0 0 1 0 0 1 0 0 1 0 0 1 0 0 1 0 0 1 0 0 1 0 0 1 0 0 1 0 0 1 0 0 1 0 0 1 0 0 1 0 0 1 0 0 1 0 0 1 0 0 1 0 0 1 0 0 1 0 0 1 0 0 1 0 0 1 0 0 1 0 0 1 0 0 1 0 0 1 0 0 1 0 0 1 0 0 1 0 0 1 0 0 1 0 0 1 0 0 1 0 0 1 0 0 1 0 0 1 0 0 1 0 0 1 0 0 1 0 0 1 0 0 1 0 0 1 0 0 1 0 0 1 0 0 1 0 0 1 0 0 1 0 0 1 0 0 1 0 0 1 0 0 1 0 0 1 0 0 1 0 0 1 0</float_array>
          <technique_common>
            <accessor count="356" source="#ID8" stride="3">
              <param name="X" type="float"/>
              <param name="Y" type="float"/>
              <param name="Z" type="float"/>
            </accessor>
          </technique_common>
        </source>
        <vertices id="ID9">
          <input semantic="POSITION" source="#ID5"/>
          <input semantic="NORMAL" source="#ID7"/>
        </vertices>
        <triangles count="348" material="ID10">
          <input offset="0" semantic="VERTEX" source="#ID9"/>
          <p>0 1 2 1 3 4 3 1 0 5 4 6 3 6 4 7 8 5 5 6 7 8 9 10 9 8 7 11 10 12 9 12 10 13 14 11 11 12 13 14 15 16 15 14 13 17 16 18 15 18 16 19 20 17 17 18 19 20 21 22 21 20 19 23 22 24 21 24 22 25 26 23 23 24 25 26 27 28 27 26 25 29 28 30 27 30 28 31 32 29 29 30 31 0 2 33 34 35 33 33 2 34 35 36 37 36 35 34 38 37 39 36 39 37 40 41 38 38 39 40 41 42 43 42 41 40 44 43 45 42 45 43 46 47 44 44 45 46 47 48 49 48 47 46 50 49 51 48 51 49 52 53 50 50 51 52 53 54 55 54 53 52 56 55 57 54 57 55 58 59 56 56 57 58 59 60 61 60 59 58 60 62 61 61 62 63 64 65 66 67 68 64 64 66 67 68 69 70 69 68 67 71 70 72 69 72 70 73 74 71 71 72 73 74 75 76 75 74 73 77 76 78 75 78 76 79 80 77 77 78 79 80 81 82 81 80 79 83 82 84 81 84 82 85 86 83 83 84 85 86 87 88 87 86 85 89 88 90 87 90 88 91 92 89 89 90 91 92 93 94 93 92 91 95 94 96 93 96 94 97 98 95 95 96 97 98 99 100 99 98 97 101 100 102 99 102 100 103 104 101 101 102 103 104 105 106 105 104 103 107 106 108 105 108 106 109 110 107 107 108 109 110 111 112 111 110 109 113 112 114 111 114 112 115 116 113 113 114 115 116 117 118 117 116 115 119 118 120 117 120 118 121 122 119 119 120 121 66 65 123 124 123 125 65 125 123 126 127 124 124 125 126 127 128 129 128 127 126 130 129 131 128 131 129 132 133 130 130 131 132 133 134 135 134 133 132 136 135 137 134 137 135 138 139 136 136 137 138 139 140 141 140 139 138 142 141 143 140 143 141 144 145 142 142 143 144 145 146 147 146 145 144 148 147 149 146 149 147 150 151 148 148 149 150 151 152 153 152 151 150 154 153 155 152 155 153 156 157 154 154 155 156 157 158 159 158 157 156 160 159 161 158 161 159 162 163 160 160 161 162 163 164 165 164 163 162 166 165 167 164 167 165 168 169 166 166 167 168 169 170 171 170 169 168 172 171 173 170 173 171 174 175 172 172 173 174 175 176 177 176 175 174 176 178 177 177 178 179 180 181 182 183 184 185 186 187 188 183 189 190 189 191 190 186 188 192 193 194 195 188 185 184 185 189 183 196 197 198 199 200 201 202 203 188 202 188 184 204 199 201 205 206 207 203 208 188 209 210 211 212 213 195 192 214 215 216 192 208 217 218 219 220 221 222 223 224 225 226 227 228 229 230 231 232 233 231 233 232 223 229 231 233 223 232 224 234 235 236 225 226 228 225 224 226 218 227 219 218 228 227 220 217 221 221 217 219 192 215 222 222 215 220 237 192 216 214 192 237 235 238 239 192 188 208 234 240 235 239 236 235 241 242 236 236 242 234 243 241 236 241 244 245 244 241 243 180 245 246 244 246 245 182 181 247 180 246 181 247 248 192 192 182 247 187 249 188 186 192 248 213 212 250 249 251 252 253 254 209 255 256 257 258 206 205 210 259 211 260 199 261 262 263 205 200 264 265 266 267 265 265 267 200 199 204 261 201 200 267 261 263 262 260 261 262 206 258 198 262 205 207 259 197 196 196 198 258 253 209 211 259 210 197 254 257 256 254 253 257 250 255 213 250 256 255 195 194 212 194 193 251 249 252 188 193 252 251 268 269 270 271 272 273 271 274 275 276 277 278 279 280 281 282 271 273 274 271 282 283 281 284 284 285 286 287 282 288 282 273 288 289 290 291 292 293 294 295 282 287 294 293 296 289 297 298 287 299 300 300 295 287 301 302 299 300 299 302 303 301 304 301 303 302 304 284 305 305 303 304 284 306 307 305 284 307 308 309 310 281 309 311 312 313 314 315 316 317 318 319 320 321 313 322 323 324 325 326 327 320 328 329 330 331 328 332 333 334 335 336 269 337 333 338 268 337 268 338 337 269 268 339 334 333 333 335 338 330 329 334 334 339 330 328 331 340 332 328 330 325 340 323 331 323 340 326 324 327 325 324 326 327 318 320 341 322 319 341 319 318 321 314 313 341 321 322 316 312 342 312 314 342 308 315 317 317 316 342 281 310 309 310 315 308 306 281 311 343 344 345 306 284 281 277 276 343 344 343 276 280 278 281 278 277 281 283 284 346 283 279 281 284 286 346 285 284 347 298 297 348 349 350 351 352 292 353 296 354 355 294 296 355 352 293 292 298 348 354 348 355 354 289 291 297 290 350 349 290 349 291 284 351 347 347 351 350</p>
        </triangles>
      </mesh>
    </geometry>
    <geometry id="ID12">
      <mesh>
        <source id="ID13">
          <float_array count="162" id="ID14">0.0103125 0.00701555 0.0041156 0.0100521 0.00751555 0.00407071 0.0100521 0.00701555 0.00407071 0.0110953 0.00701555 0.00402799 0.0108394 0.00751555 0.00409403 0.0108394 0.00701555 0.00409403 0.0105767 0.00701555 0.00412343 0.0105767 0.00751555 0.00412343 0.0103125 0.00751555 0.0041156 0.0113394 0.00701555 0.00392662 0.0113394 0.00751555 0.00392662 0.0110953 0.00751555 0.00402799 0.0109534 0.00701555 0.00490137 0.0109534 0.00751555 0.00490137 0.0111569 0.00701555 0.00441845 0.0107287 0.00751555 0.00537539 0.0107287 0.00701555 0.0053754 0.0111569 0.00751555 0.00441845 0.0113394 0.00701555 0.00392662 0.0113394 0.00751555 0.00392662 0.0105957 0.00701555 0.00503048 0.0107287 0.00751555 0.00537539 0.0107287 0.00701555 0.0053754 0.0100521 0.00701555 0.00407071 0.0102574 0.00751555 0.00437813 0.0102574 0.00701555 0.00437813 0.0104386 0.00701555 0.00469805 0.0104386 0.00751555 0.00469805 0.0105957 0.00751555 0.00503048 0.0100521 0.00751555 0.00407071 0.0109534 0.00701555 0.00490137 0.0104386 0.00701555 0.00469805 0.0105957 0.00701555 0.00503048 0.0108394 0.00701555 0.00409403 0.0105767 0.00701555 0.00412343 0.0111569 0.00701555 0.00441845 0.0110953 0.00701555 0.00402799 0.0107287 0.00701555 0.0053754 0.0113394 0.00701555 0.00392662 0.0103125 0.00701555 0.0041156 0.0102574 0.00701555 0.00437813 0.0100521 0.00701555 0.00407071 0.0104386 0.00751555 0.00469805 0.0102574 0.00751555 0.00437813 0.0105767 0.00751555 0.00412343 0.0109534 0.00751555 0.00490137 0.0107287 0.00751555 0.00537539 0.0105957 0.00751555 0.00503048 0.0108394 0.00751555 0.00409403 0.0103125 0.00751555 0.0041156 0.0100521 0.00751555 0.00407071 0.0110953 0.00751555 0.00402799 0.0111569 0.00751555 0.00441845 0.0113394 0.00751555 0.00392662</float_array>
          <technique_common>
            <accessor count="54" source="#ID14" stride="3">
              <param name="X" type="float"/>
              <param name="Y" type="float"/>
              <param name="Z" type="float"/>
            </accessor>
          </technique_common>
        </source>
        <source id="ID15">
          <float_array count="162" id="ID16">0.0999845 0 -0.994989 0.238897 0 -0.971045 0.238897 0 -0.971045 -0.317491 -0 -0.948261 -0.181001 -0 -0.983483 -0.181001 -0 -0.983483 -0.0409148 -0 -0.999163 -0.0409148 -0 -0.999163 0.0999845 0 -0.994989 -0.447672 -0 -0.894198 -0.447672 -0 -0.894198 -0.317491 -0 -0.948261 0.912776 0 0.40846 0.912776 0 0.40846 0.92975 0 0.368191 0.894059 0 0.44795 0.894059 0 0.44795 0.92975 0 0.368191 0.944949 0 0.327218 0.944949 0 0.327218 -0.919228 0 0.393725 -0.945741 0 0.324921 -0.945741 0 0.324921 -0.810414 0 0.585858 -0.85138 0 0.524549 -0.85138 0 0.524549 -0.887717 0 0.460389 -0.887717 0 0.460389 -0.919228 0 0.393725 -0.810414 0 0.585858 0 -1 0 0 -1 0 0 -1 0 0 -1 0 0 -1 0 0 -1 0 0 -1 0 0 -1 0 0 -1 0 0 -1 0 0 -1 0 0 -1 0 0 1 0 0 1 0 0 1 0 0 1 0 0 1 0 0 1 0 0 1 0 0 1 0 0 1 0 0 1 0 0 1 0 0 1 0</float_array>
          <technique_common>
            <accessor count="54" source="#ID16" stride="3">
              <param name="X" type="float"/>
              <param name="Y" type="float"/>
              <param name="Z" type="float"/>
            </accessor>
          </technique_common>
        </source>
        <vertices id="ID17">
          <input semantic="POSITION" source="#ID13"/>
          <input semantic="NORMAL" source="#ID15"/>
        </vertices>
        <triangles count="44" material="ID18">
          <input offset="0" semantic="VERTEX" source="#ID17"/>
          <p>0 2 1 3 5 4 6 8 7 9 11 10 11 9 3 4 5 7 11 3 4 6 0 8 5 6 7 1 8 0 12 14 13 15 16 12 12 13 15 13 14 17 14 18 17 17 18 19 20 22 21 23 25 24 26 28 27 29 23 24 26 27 25 24 25 27 20 21 28 26 20 28 30 32 31 33 31 34 30 33 35 30 31 33 33 36 35 37 32 30 36 38 35 39 34 40 31 40 34 41 39 40 42 44 43 45 47 46 45 42 47 45 48 42 49 43 44 44 42 48 43 49 50 51 48 52 48 45 52 53 51 52</p>
        </triangles>
      </mesh>
    </geometry>
    <geometry id="ID20">
      <mesh>
        <source id="ID21">
          <float_array count="780" id="ID22">0.00116533 0.00701555 -0.0164588 -0.00116533 0.00701555 -0.0164588 0.00116533 0.00751555 -0.0164588 0.00347273 0.00751555 -0.0161304 0.00347273 0.00701555 -0.0161304 -0.00116533 0.00751555 -0.0164588 -0.00347273 0.00701555 -0.0161304 -0.00347273 0.00751555 -0.0161304 0.00385241 0.00701555 -0.0160405 0.00347273 0.00701555 -0.0161304 0.00347273 0.00751555 -0.0161304 0.0049726 0.00701555 -0.0157025 0.00460275 0.00701555 -0.0158268 0.00460275 0.00751555 -0.0158268 0.00422917 0.00701555 -0.0159393 0.00385241 0.00751555 -0.0160405 0.00422917 0.00751555 -0.0159393 0.00569793 0.00751555 -0.015415 0.00605147 0.00701555 -0.01525 0.00569793 0.00701555 -0.015415 0.0049726 0.00751555 -0.0157025 0.00533797 0.00751555 -0.0155655 0.00533797 0.00701555 -0.0155655 0.00639742 0.00751555 -0.0150696 0.00673429 0.00751555 -0.0148728 0.00673429 0.00701555 -0.0148728 0.00639742 0.00701555 -0.0150696 0.00605147 0.00751555 -0.01525 0.00766664 0.00701555 -0.0141681 0.00737198 0.00751555 -0.0144236 0.00766664 0.00751555 -0.0141681 0.00737198 0.00701555 -0.0144236 0.0070601 0.00701555 -0.014658 0.0070601 0.00751555 -0.014658 0.00818662 0.00701555 -0.0135876 0.00794002 0.00751555 -0.0138899 0.00818662 0.00751555 -0.0135876 0.00794002 0.00701555 -0.0138899 0.00868655 0.00751555 -0.0125377 0.00868655 0.00701555 -0.0125377 0.00856921 0.00751555 -0.0129092 0.00839944 0.00751555 -0.0132604 0.00856921 0.00701555 -0.0129092 0.00839944 0.00701555 -0.0132604 0.00873785 0.00751555 -0.011762 0.00866635 0.00751555 -0.0113779 0.00866635 0.00701555 -0.0113779 0.00874452 0.00751555 -0.0121523 0.00874452 0.00701555 -0.0121523 0.00853592 0.00751555 -0.0110099 0.00835646 0.00701555 -0.010664 0.00853592 0.00701555 -0.0110099 0.00813567 0.00701555 -0.010342 0.00835646 0.00751555 -0.010664 0.00813567 0.00751555 -0.010342 0.00788206 0.00701555 -0.010045 0.00788206 0.00751555 -0.010045 0.0076028 0.00701555 -0.00977203 0.00730335 0.00701555 -0.00952161 0.0076028 0.00751555 -0.00977203 0.00730335 0.00751555 -0.00952161 0.00873785 0.00701555 -0.011762 0.00565527 0.00701555 -0.0105839 0.00730335 0.00701555 -0.00952161 0.00730335 0.00751555 -0.00952161 -3.38618e-18 0.00701555 -0.012 0.00195419 0.00701555 -0.0118398 0.00195419 0.00751555 -0.0118398 0.00385621 0.00701555 -0.0113635 0.00565527 0.00751555 -0.0105839 0.00385621 0.00751555 -0.0113635 -0.00385621 0.00751555 -0.0113635 -0.00565527 0.00701555 -0.0105839 -0.00385621 0.00701555 -0.0113635 -1.11022e-19 0.00751555 -0.012 -0.00195419 0.00751555 -0.0118398 -0.00195419 0.00701555 -0.0118398 -0.00730335 0.00701555 -0.00952161 -0.00565527 0.00751555 -0.0105839 -0.00730335 0.00751555 -0.00952161 -0.00760269 0.00701555 -0.0097721 -0.00730335 0.00701555 -0.00952161 -0.00730335 0.00751555 -0.00952161 -0.00835444 0.00701555 -0.0106637 -0.00813351 0.00701555 -0.0103422 -0.00813351 0.00751555 -0.0103422 -0.00788052 0.00701555 -0.0100454 -0.00760269 0.00751555 -0.0097721 -0.00788052 0.00751555 -0.0100454 -0.00866494 0.00751555 -0.011377 -0.0087368 0.00701555 -0.0117599 -0.00866494 0.00701555 -0.011377 -0.00835444 0.00751555 -0.0106637 -0.00853511 0.00751555 -0.0110097 -0.00853511 0.00701555 -0.0110097 -0.00868791 0.00701555 -0.0125361 -0.00868791 0.00751555 -0.0125361 -0.00856987 0.00701555 -0.0129086 -0.00874504 0.00701555 -0.0121497 -0.0087368 0.00751555 -0.0117599 -0.00874504 0.00751555 -0.0121497 -0.00794173 0.00751555 -0.0138901 -0.00794173 0.00701555 -0.0138901 -0.00818845 0.00751555 -0.0135873 -0.00840045 0.00751555 -0.0132598 -0.00840045 0.00701555 -0.0132598 -0.00856987 0.00751555 -0.0129086 -0.00639802 0.00701555 -0.0150701 -0.00673498 0.00701555 -0.0148732 -0.00673498 0.00751555 -0.0148732 -0.00737255 0.00701555 -0.0144239 -0.00766781 0.00751555 -0.0141684 -0.00737255 0.00751555 -0.0144239 -0.00569807 0.00701555 -0.0154151 -0.00605184 0.00701555 -0.0152503 -0.00605184 0.00751555 -0.0152503 -0.00639802 0.00751555 -0.0150701 -0.00569807 0.00751555 -0.0154151 -0.00533811 0.00701555 -0.0155657 -0.00533811 0.00751555 -0.0155657 -0.00497288 0.00701555 -0.0157029 -0.00460306 0.00701555 -0.0158273 -0.00497288 0.00751555 -0.0157029 -0.00460306 0.00751555 -0.0158273 -0.00422937 0.00701555 -0.0159396 -0.00422937 0.00751555 -0.0159396 -0.00385243 0.00701555 -0.0160405 -0.00347273 0.00701555 -0.0161304 -0.00385243 0.00751555 -0.0160405 -0.00347273 0.00751555 -0.0161304 -0.00706058 0.00701555 -0.0146583 -0.00706058 0.00751555 -0.0146583 -0.00766781 0.00701555 -0.0141684 -0.00818845 0.00701555 -0.0135873 0.00116533 0.00701555 -0.0164588 0.00347273 0.00701555 -0.0161304 -3.38618e-18 0.00701555 -0.012 0.00866635 0.00701555 -0.0113779 0.00385621 0.00701555 -0.0113635 0.00873785 0.00701555 -0.011762 0.00385241 0.00701555 -0.0160405 0.00460275 0.00701555 -0.0158268 0.0049726 0.00701555 -0.0157025 0.00422917 0.00701555 -0.0159393 0.00533797 0.00701555 -0.0155655 0.00569793 0.00701555 -0.015415 0.00195419 0.00701555 -0.0118398 0.00605147 0.00701555 -0.01525 0.00673429 0.00701555 -0.0148728 0.00639742 0.00701555 -0.0150696 0.00737198 0.00701555 -0.0144236 0.0070601 0.00701555 -0.014658 0.00794002 0.00701555 -0.0138899 0.00818662 0.00701555 -0.0135876 0.00766664 0.00701555 -0.0141681 0.00839944 0.00701555 -0.0132604 0.00868655 0.00701555 -0.0125377 0.00856921 0.00701555 -0.0129092 0.00874452 0.00701555 -0.0121523 0.00565527 0.00701555 -0.0105839 0.00853592 0.00701555 -0.0110099 0.00835646 0.00701555 -0.010664 0.00813567 0.00701555 -0.010342 0.00788206 0.00701555 -0.010045 0.0076028 0.00701555 -0.00977203 -0.00347273 0.00701555 -0.0161304 -0.00116533 0.00701555 -0.0164588 0.00730335 0.00701555 -0.00952161 -0.00385621 0.00701555 -0.0113635 -0.00866494 0.00701555 -0.011377 -0.0087368 0.00701555 -0.0117599 -0.00737255 0.00701555 -0.0144239 -0.00706058 0.00701555 -0.0146583 -0.00195419 0.00701555 -0.0118398 -0.00565527 0.00701555 -0.0105839 -0.00730335 0.00701555 -0.00952161 -0.00760269 0.00701555 -0.0097721 -0.00788052 0.00701555 -0.0100454 -0.00813351 0.00701555 -0.0103422 -0.00835444 0.00701555 -0.0106637 -0.00853511 0.00701555 -0.0110097 -0.00874504 0.00701555 -0.0121497 -0.00868791 0.00701555 -0.0125361 -0.00856987 0.00701555 -0.0129086 -0.00840045 0.00701555 -0.0132598 -0.00818845 0.00701555 -0.0135873 -0.00794173 0.00701555 -0.0138901 -0.00766781 0.00701555 -0.0141684 -0.00673498 0.00701555 -0.0148732 -0.00639802 0.00701555 -0.0150701 -0.00605184 0.00701555 -0.0152503 -0.00569807 0.00701555 -0.0154151 -0.00533811 0.00701555 -0.0155657 -0.00497288 0.00701555 -0.0157029 -0.00460306 0.00701555 -0.0158273 -0.00422937 0.00701555 -0.0159396 -0.00385243 0.00701555 -0.0160405 0.0049726 0.00751555 -0.0157025 0.00460275 0.00751555 -0.0158268 -1.11022e-19 0.00751555 -0.012 0.00195419 0.00751555 -0.0118398 0.0070601 0.00751555 -0.014658 0.00673429 0.00751555 -0.0148728 0.00569793 0.00751555 -0.015415 0.00533797 0.00751555 -0.0155655 0.00639742 0.00751555 -0.0150696 0.00605147 0.00751555 -0.01525 0.00737198 0.00751555 -0.0144236 0.00766664 0.00751555 -0.0141681 0.00794002 0.00751555 -0.0138899 0.00818662 0.00751555 -0.0135876 0.00839944 0.00751555 -0.0132604 0.00385621 0.00751555 -0.0113635 0.00856921 0.00751555 -0.0129092 0.00874452 0.00751555 -0.0121523 0.00868655 0.00751555 -0.0125377 0.00866635 0.00751555 -0.0113779 0.00873785 0.00751555 -0.011762 0.00565527 0.00751555 -0.0105839 0.00788206 0.00751555 -0.010045 0.00813567 0.00751555 -0.010342 0.00853592 0.00751555 -0.0110099 0.0076028 0.00751555 -0.00977203 0.00730335 0.00751555 -0.00952161 0.00835646 0.00751555 -0.010664 0.00347273 0.00751555 -0.0161304 0.00385241 0.00751555 -0.0160405 0.00422917 0.00751555 -0.0159393 -0.00565527 0.00751555 -0.0105839 -0.00385621 0.00751555 -0.0113635 -0.00866494 0.00751555 -0.011377 -0.00818845 0.00751555 -0.0135873 -0.00195419 0.00751555 -0.0118398 -0.00794173 0.00751555 -0.0138901 -0.00788052 0.00751555 -0.0100454 -0.00760269 0.00751555 -0.0097721 -0.00813351 0.00751555 -0.0103422 -0.00835444 0.00751555 -0.0106637 -0.00730335 0.00751555 -0.00952161 -0.00853511 0.00751555 -0.0110097 -0.0087368 0.00751555 -0.0117599 -0.00874504 0.00751555 -0.0121497 -0.00868791 0.00751555 -0.0125361 -0.00856987 0.00751555 -0.0129086 -0.00840045 0.00751555 -0.0132598 -0.00766781 0.00751555 -0.0141684 -0.00737255 0.00751555 -0.0144239 -0.00706058 0.00751555 -0.0146583 -0.00673498 0.00751555 -0.0148732 -0.00639802 0.00751555 -0.0150701 -0.00605184 0.00751555 -0.0152503 -0.00533811 0.00751555 -0.0155657 -0.00569807 0.00751555 -0.0154151 -0.00460306 0.00751555 -0.0158273 -0.00497288 0.00751555 -0.0157029 -0.00385243 0.00751555 -0.0160405 -0.00422937 0.00751555 -0.0159396 -0.00347273 0.00751555 -0.0161304 0.00116533 0.00751555 -0.0164588 -0.00116533 0.00751555 -0.0164588</float_array>
          <technique_common>
            <accessor count="260" source="#ID22" stride="3">
              <param name="X" type="float"/>
              <param name="Y" type="float"/>
              <param name="Z" type="float"/>
            </accessor>
          </technique_common>
        </source>
        <source id="ID23">
          <float_array count="780" id="ID24">0.070626 0 -0.997503 -0.0706259 0 -0.997503 0.070626 0 -0.997503 0.210469 0 -0.977601 0.210469 0 -0.977601 -0.0706259 0 -0.997503 -0.210468 0 -0.977601 -0.210468 0 -0.977601 0.244503 0 -0.969649 0.217073 0 -0.976155 0.217073 0 -0.976155 0.334734 0 -0.942312 0.303172 0 -0.952936 0.303105 0 -0.952957 0.273156 0 -0.96197 0.24451 0 -0.969647 0.273119 0 -0.96198 0.403708 0 -0.914888 0.441842 0 -0.897093 0.403765 0 -0.914863 0.3347 0 -0.942325 0.368146 0 -0.929768 0.368169 0 -0.929759 0.482683 0 -0.875795 0.526897 0 -0.849929 0.526964 0 -0.849887 0.482762 0 -0.875752 0.441756 0 -0.897135 0.683099 0 -0.730326 0.626748 0 -0.779222 0.683003 0 -0.730416 0.626872 0 -0.779122 0.57489 0 -0.818231 0.574782 0 -0.818307 0.806512 0 -0.591218 0.743298 0 -0.66896 0.806451 0 -0.591302 0.743336 0 -0.668918 0.973789 0 -0.227452 0.97374 0 -0.227662 0.928234 0 -0.371998 0.869824 0 -0.493362 0.928109 0 -0.372307 0.869799 0 -0.493405 0.994665 0 0.103161 0.965001 0 0.262248 0.965135 0 0.261753 0.997882 0 -0.0650463 0.997854 0 -0.0654733 0.915783 0 0.401673 0.855743 0 0.517401 0.91581 0 0.401611 0.792097 0 0.610395 0.855731 0 0.517422 0.792123 0 0.610362 0.729405 0 0.684083 0.729476 0 0.684006 0.669998 0 0.742362 0.614739 0 0.788731 0.669996 0 0.742364 0.614739 0 0.788731 0.99475 0 0.102339 -0.471273 0 0.881988 -0.608612 0 0.793468 -0.608612 0 0.793468 8.74228e-08 0 1 -0.162849 0 0.986651 -0.162849 0 0.986651 -0.32135 0 0.94696 -0.471272 0 0.881988 -0.32135 0 0.94696 0.32135 0 0.94696 0.471272 0 0.881988 0.32135 0 0.94696 8.74228e-08 0 1 0.162849 0 0.986651 0.162849 0 0.986651 0.608612 0 0.793468 0.471272 0 0.881988 0.608612 0 0.793468 -0.669996 0 0.742364 -0.614739 0 0.788731 -0.614739 0 0.788731 -0.855731 0 0.517422 -0.792123 0 0.610362 -0.792097 0 0.610395 -0.729476 0 0.684006 -0.669998 0 0.742363 -0.729405 0 0.684083 -0.965135 0 0.261753 -0.994665 0 0.103161 -0.965001 0 0.262248 -0.855743 0 0.517401 -0.915811 0 0.401611 -0.915783 0 0.401673 -0.973789 0 -0.227452 -0.97374 0 -0.227662 -0.928234 0 -0.371998 -0.997882 0 -0.0650463 -0.99475 0 0.102339 -0.997854 0 -0.0654735 -0.743336 0 -0.668918 -0.743298 0 -0.66896 -0.806512 0 -0.591218 -0.869799 0 -0.493405 -0.869824 0 -0.493362 -0.928109 0 -0.372308 -0.482683 0 -0.875795 -0.526897 0 -0.849929 -0.526964 0 -0.849887 -0.626748 0 -0.779222 -0.683099 0 -0.730326 -0.626872 0 -0.779122 -0.403708 0 -0.914888 -0.441756 0 -0.897135 -0.441842 0 -0.897093 -0.482762 0 -0.875752 -0.403765 0 -0.914863 -0.368146 0 -0.929768 -0.36817 0 -0.929759 -0.3347 0 -0.942325 -0.303105 0 -0.952957 -0.334734 0 -0.942312 -0.303173 0 -0.952936 -0.273119 0 -0.96198 -0.273156 0 -0.96197 -0.24451 0 -0.969647 -0.217073 0 -0.976155 -0.244503 0 -0.969649 -0.217073 0 -0.976155 -0.574781 0 -0.818307 -0.57489 0 -0.818231 -0.683003 0 -0.730416 -0.806451 0 -0.591301 0 -1 0 0 -1 0 0 -1 0 0 -1 0 0 -1 0 0 -1 0 0 -1 0 0 -1 0 0 -1 0 0 -1 0 0 -1 0 0 -1 0 0 -1 0 0 -1 0 0 -1 0 0 -1 0 0 -1 0 0 -1 0 0 -1 0 0 -1 0 0 -1 0 0 -1 0 0 -1 0 0 -1 0 0 -1 0 0 -1 0 0 -1 0 0 -1 0 0 -1 0 0 -1 0 0 -1 0 0 -1 0 0 -1 0 0 -1 0 0 -1 0 0 -1 0 0 -1 0 0 -1 0 0 -1 0 0 -1 0 0 -1 0 0 -1 0 0 -1 0 0 -1 0 0 -1 0 0 -1 0 0 -1 0 0 -1 0 0 -1 0 0 -1 0 0 -1 0 0 -1 0 0 -1 0 0 -1 0 0 -1 0 0 -1 0 0 -1 0 0 -1 0 0 -1 0 0 -1 0 0 -1 0 0 -1 0 0 -1 0 0 1 0 0 1 0 0 1 0 0 1 0 0 1 0 0 1 0 0 1 0 0 1 0 0 1 0 0 1 0 0 1 0 0 1 0 0 1 0 0 1 0 0 1 0 0 1 0 0 1 0 0 1 0 0 1 0 0 1 0 0 1 0 0 1 0 0 1 0 0 1 0 0 1 0 0 1 0 0 1 0 0 1 0 0 1 0 0 1 0 0 1 0 0 1 0 0 1 0 0 1 0 0 1 0 0 1 0 0 1 0 0 1 0 0 1 0 0 1 0 0 1 0 0 1 0 0 1 0 0 1 0 0 1 0 0 1 0 0 1 0 0 1 0 0 1 0 0 1 0 0 1 0 0 1 0 0 1 0 0 1 0 0 1 0 0 1 0 0 1 0 0 1 0 0 1 0 0 1 0 0 1 0 0 1 0 0 1 0</float_array>
          <technique_common>
            <accessor count="260" source="#ID24" stride="3">
              <param name="X" type="float"/>
              <param name="Y" type="float"/>
              <param name="Z" type="float"/>
            </accessor>
          </technique_common>
        </source>
        <vertices id="ID25">
          <input semantic="POSITION" source="#ID21"/>
          <input semantic="NORMAL" source="#ID23"/>
        </vertices>
        <triangles count="248" material="ID26">
          <input offset="0" semantic="VERTEX" source="#ID25"/>
          <p>0 1 2 3 4 0 0 2 3 2 1 5 1 6 5 5 6 7 8 9 10 11 12 13 14 15 16 17 18 19 20 21 22 23 24 25 26 27 23 28 29 30 31 32 33 34 35 36 35 37 30 38 39 40 41 42 43 44 45 46 38 47 48 49 50 51 51 45 49 52 50 53 49 53 50 52 54 55 54 52 53 56 57 55 55 54 56 58 57 59 56 59 57 60 58 59 61 44 46 46 45 51 61 48 47 47 44 61 42 40 39 38 48 39 41 43 36 40 42 41 34 37 35 43 34 36 29 28 31 37 28 30 32 24 33 31 33 29 26 23 25 25 24 32 17 27 18 18 27 26 21 19 22 21 17 19 20 11 13 20 22 11 12 14 16 13 12 16 8 10 15 14 8 15 62 63 64 65 66 67 68 69 70 71 72 73 74 75 76 77 72 78 71 78 72 79 77 78 76 75 73 75 71 73 74 65 67 74 76 65 66 68 70 67 66 70 62 64 69 68 62 69 80 81 82 83 84 85 86 87 88 89 90 91 92 93 94 95 96 97 98 99 100 101 102 103 104 105 106 107 108 109 110 111 112 113 114 115 116 115 114 113 117 118 117 113 115 119 120 118 118 117 119 121 120 122 119 122 120 121 123 124 123 121 122 125 126 124 124 123 125 127 126 128 125 128 126 129 127 128 116 107 109 116 114 107 108 130 131 109 108 131 112 130 110 130 112 131 101 111 132 132 111 110 103 102 133 101 132 102 105 104 133 103 133 104 97 96 106 105 97 106 98 100 95 95 100 96 89 99 90 90 99 98 93 91 94 93 89 91 92 83 85 92 94 83 84 86 88 85 84 88 80 82 87 86 80 87 134 135 136 137 138 139 136 135 140 136 141 142 143 141 136 136 144 145 142 144 136 146 136 147 145 147 136 148 146 149 146 147 149 150 146 151 146 148 151 146 152 153 154 152 146 138 146 155 153 155 146 156 138 157 138 155 157 139 138 158 138 156 158 137 159 138 160 161 159 160 159 137 162 163 159 162 159 161 164 159 163 136 165 166 136 140 143 146 150 154 164 167 159 134 136 166 168 169 170 171 172 173 174 175 176 177 178 174 179 174 178 176 177 174 180 169 174 180 174 179 181 168 170 169 168 174 182 183 168 182 168 181 168 184 173 184 168 183 173 185 186 184 185 173 173 187 171 186 187 173 188 189 173 173 172 188 173 190 136 190 173 189 136 191 192 190 191 136 136 193 194 192 193 136 136 195 196 194 195 136 136 196 165 197 198 199 200 201 202 199 203 204 197 199 204 200 205 206 203 199 206 207 201 200 205 200 202 208 200 209 208 207 200 210 200 211 210 209 200 212 213 211 211 200 212 212 214 215 213 212 215 212 216 217 214 212 217 212 218 216 218 219 220 221 216 218 222 219 218 223 222 218 218 224 221 218 220 224 225 199 226 200 206 199 199 227 226 198 227 199 228 229 230 231 232 233 228 234 235 234 228 236 228 237 236 228 235 238 239 228 230 239 237 228 240 229 241 229 240 230 242 229 243 242 241 229 229 232 244 244 243 229 245 233 232 244 232 231 246 232 247 246 245 232 248 232 249 248 247 232 232 199 250 250 249 232 199 251 252 250 199 252 199 253 254 251 199 254 199 255 256 253 199 256 255 199 257 199 258 259 257 199 259 199 225 258</p>
        </triangles>
      </mesh>
    </geometry>
    <geometry id="ID28">
      <mesh>
        <source id="ID29">
          <float_array count="1320" id="ID30">0.0132774 0.00701555 -0.00789796 0.0132774 0.00751555 -0.00789796 0.0128151 0.00751555 -0.0093021 0.0121162 0.00751555 -0.0106313 0.0128151 0.00701555 -0.0093021 0.0112095 0.00751555 -0.0118519 0.0121162 0.00701555 -0.0106313 0.0112095 0.00701555 -0.0118519 0.010133 0.00751555 -0.0129385 0.00892941 0.00751555 -0.013875 0.010133 0.00701555 -0.0129385 0.00892941 0.00701555 -0.013875 0.0134867 0.00701555 -0.00645792 0.0134867 0.00751555 -0.00645792 0.0134409 0.00701555 -0.00502299 0.0131518 0.00701555 -0.00363234 0.0134409 0.00751555 -0.00502299 0.0126434 0.00701555 -0.00232 0.0131518 0.00751555 -0.00363234 0.0126434 0.00751555 -0.00232 0.0119483 0.00701555 -0.00111251 0.0119483 0.00751555 -0.00111251 -0.000981253 0.00751555 0.0164706 -0.000981253 0.00701555 0.0164706 0.000990607 0.00701555 0.0164698 -0.00294176 0.00751555 0.0162356 -0.00294176 0.00701555 0.0162356 -0.00485282 0.00701555 0.0157698 -0.00485282 0.00751555 0.0157698 -0.00669833 0.00751555 0.0150789 -0.00669833 0.00701555 0.0150789 -0.00845125 0.00751555 0.0141713 -0.00845125 0.00701555 0.0141713 -0.0100793 0.00701555 0.0130631 -0.0100793 0.00751555 0.0130631 -0.0115637 0.00751555 0.0117694 -0.0115637 0.00701555 0.0117694 -0.0128862 0.00751555 0.010305 -0.0128862 0.00701555 0.010305 -0.0140236 0.00701555 0.00869375 -0.0140236 0.00751555 0.00869375 -0.0149585 0.00751555 0.00696266 -0.0149585 0.00701555 0.00696266 -0.0156826 0.00751555 0.00512826 -0.0156826 0.00701555 0.00512826 -0.0161831 0.00701555 0.0032181 -0.0161831 0.00751555 0.0032181 -0.0164506 0.00751555 0.00126987 -0.0164506 0.00701555 0.00126987 -0.0164849 0.00751555 -0.000700759 -0.0164849 0.00701555 -0.000700759 -0.0162834 0.00701555 -0.00266457 -0.0162834 0.00751555 -0.00266457 -0.0158498 0.00751555 -0.00458498 -0.0158498 0.00701555 -0.00458498 -0.0151906 0.00751555 -0.00644088 -0.0151906 0.00701555 -0.00644088 -0.0143132 0.00701555 -0.00820849 -0.0143132 0.00751555 -0.00820849 -0.0132318 0.00751555 -0.00985696 -0.0132318 0.00701555 -0.00985696 -0.0119641 0.00751555 -0.0113621 -0.0119641 0.00701555 -0.0113621 -0.010523 0.00701555 -0.0127087 -0.010523 0.00751555 -0.0127087 -0.00892941 0.00751555 -0.013875 -0.00892941 0.00701555 -0.013875 0.000990607 0.00751555 0.0164698 0.00294353 0.00701555 0.0162352 0.00294353 0.00751555 0.0162352 0.00486043 0.00701555 0.0157678 0.00486043 0.00751555 0.0157678 0.0067076 0.00751555 0.0150747 0.0067076 0.00701555 0.0150747 0.00845534 0.00701555 0.0141685 0.00845534 0.00751555 0.0141685 0.0100839 0.00701555 0.01306 0.0100839 0.00751555 0.01306 0.0115711 0.00751555 0.0117622 0.0115711 0.00701555 0.0117622 0.0128905 0.00701555 0.010299 0.0128905 0.00751555 0.010299 0.0140252 0.00701555 0.00869158 0.0140252 0.00751555 0.00869158 0.0149628 0.00751555 0.006954 0.0149628 0.00701555 0.006954 0.0156852 0.00701555 0.00511956 0.0156852 0.00751555 0.00511956 0.0161832 0.00701555 0.00321717 0.0161832 0.00751555 0.00321717 0.0164516 0.00751555 0.00126161 0.0164516 0.00701555 0.00126161 0.0164843 0.00701555 -0.000710802 0.0164843 0.00751555 -0.000710802 0.0162824 0.00701555 -0.00266871 0.0162824 0.00751555 -0.00266871 0.0158483 0.00751555 -0.00459108 0.0158483 0.00701555 -0.00459108 0.0151866 0.00701555 -0.0064504 0.0151866 0.00751555 -0.0064504 0.0143095 0.00701555 -0.00821425 0.0143095 0.00751555 -0.00821425 0.01323 0.00751555 -0.0098599 0.01323 0.00701555 -0.0098599 0.0119574 0.00701555 -0.0113693 0.0119574 0.00751555 -0.0113693 0.010523 0.00701555 -0.0127087 0.010523 0.00751555 -0.0127087 0.00892941 0.00701555 -0.013875 0.00892941 0.00751555 -0.013875 -0.0132765 0.00701555 -0.00790178 -0.0132765 0.00751555 -0.00790178 -0.013487 0.00751555 -0.00646161 -0.0134421 0.00751555 -0.00502599 -0.013487 0.00701555 -0.00646161 -0.0131534 0.00751555 -0.0036343 -0.0134421 0.00701555 -0.00502599 -0.0131534 0.00701555 -0.0036343 -0.0126445 0.00751555 -0.00232086 -0.0119483 0.00751555 -0.00111251 -0.0126445 0.00701555 -0.00232086 -0.0119483 0.00701555 -0.00111251 -0.0128131 0.00701555 -0.00930546 -0.0128131 0.00751555 -0.00930546 -0.0121137 0.00701555 -0.0106337 -0.0112072 0.00701555 -0.0118533 -0.0121137 0.00751555 -0.0106337 -0.0101315 0.00701555 -0.012939 -0.0112072 0.00751555 -0.0118533 -0.0101315 0.00751555 -0.012939 -0.00892941 0.00701555 -0.013875 -0.00892941 0.00751555 -0.013875 -0.011986 0.00701555 0.000579398 -0.0119483 0.00701555 -0.00111251 -0.0119483 0.00751555 -0.00111251 -0.0106929 0.00701555 0.0054459 -0.0113523 0.00701555 0.00388837 -0.0113523 0.00751555 0.00388837 -0.0117861 0.00701555 0.00225424 -0.011986 0.00751555 0.000579398 -0.0117861 0.00751555 0.00225424 -0.00875324 0.00751555 0.00820855 -0.00751146 0.00701555 0.00935831 -0.00875324 0.00701555 0.00820855 -0.0106929 0.00751555 0.0054459 -0.0098208 0.00751555 0.00689564 -0.0098208 0.00701555 0.00689564 -0.00461242 0.00701555 0.0110779 -0.00461242 0.00751555 0.0110779 -0.00300969 0.00701555 0.0116162 -0.00612297 0.00701555 0.0103201 -0.00751146 0.00751555 0.00935831 -0.00612297 0.00751555 0.0103201 -0.00134658 0.00701555 0.011924 -0.00134658 0.00751555 0.011924 0.00034377 0.00701555 0.011995 -0.00300969 0.00751555 0.0116162 0.00034377 0.00751555 0.011995 0.00202761 0.00701555 0.0118274 0.00367129 0.00701555 0.0114246 0.00202761 0.00751555 0.0118274 0.00367129 0.00751555 0.0114246 0.00445553 0.00701555 0.0117555 0.00367129 0.00701555 0.0114246 0.00367129 0.00751555 0.0114246 0.0069801 0.00701555 0.011903 0.00613426 0.00701555 0.0119982 0.00613426 0.00751555 0.0119982 0.00528453 0.00701555 0.0119485 0.00445553 0.00751555 0.0117555 0.00528453 0.00751555 0.0119485 0.00856289 0.00751555 0.0112932 0.00925396 0.00701555 0.0107963 0.00856289 0.00701555 0.0112932 0.0069801 0.00751555 0.011903 0.00779754 0.00751555 0.0116657 0.00779754 0.00701555 0.0116657 0.0103359 0.00701555 0.00948997 0.0103359 0.00751555 0.00948997 0.0106954 0.00701555 0.00871844 0.00985073 0.00701555 0.0101893 0.00925396 0.00751555 0.0107963 0.00985073 0.00751555 0.0101893 0.0109189 0.00701555 0.00789711 0.0109189 0.00751555 0.00789711 0.0109998 0.00701555 0.00704978 0.0106954 0.00751555 0.00871844 0.0109998 0.00751555 0.00704978 0.0109357 0.00701555 0.00620101 0.0107287 0.00701555 0.00537539 0.0109357 0.00751555 0.00620101 0.0107287 0.00751555 0.00537539 0.0110578 0.00701555 0.00466102 0.0107287 0.00701555 0.00537539 0.0107287 0.00751555 0.00537539 0.0113394 0.00701555 0.00392662 0.0110578 0.00751555 0.00466102 0.0113394 0.00751555 0.00392662 0.0116001 0.00701555 0.00376837 0.0113394 0.00701555 0.00392662 0.0113394 0.00751555 0.00392662 0.012184 0.00701555 0.00307455 0.012028 0.00701555 0.00333663 0.012028 0.00751555 0.00333663 0.0118317 0.00701555 0.00356996 0.0116001 0.00751555 0.00376837 0.0118317 0.00751555 0.00356996 0.0123593 0.00751555 0.00249247 0.012374 0.00701555 0.00218786 0.0123593 0.00701555 0.00249247 0.012184 0.00751555 0.00307455 0.0122954 0.00751555 0.00279066 0.0122954 0.00701555 0.00279066 0.0123391 0.00751555 0.0018849 0.0122556 0.00751555 0.0015916 0.0122556 0.00701555 0.0015916 0.0123391 0.00701555 0.0018849 0.012374 0.00751555 0.00218786 0.0121256 0.00751555 0.00131571 0.0121256 0.00701555 0.00131571 0.0119527 0.00701555 0.00106454 0.0119527 0.00751555 0.00106454 0.012 0.00701555 -2.40834e-05 0.0119527 0.00701555 0.00106454 0.0119527 0.00751555 0.00106454 0.0119483 0.00701555 -0.00111251 0.012 0.00751555 -2.40834e-05 0.0119483 0.00751555 -0.00111251 0.00779754 0.00701555 0.0116657 0.0100839 0.00701555 0.01306 0.00845534 0.00701555 0.0141685 0.0158483 0.00701555 -0.00459108 0.0162824 0.00701555 -0.00266871 0.0131518 0.00701555 -0.00363234 0.0110578 0.00701555 0.00466102 0.0109357 0.00701555 0.00620101 0.0107287 0.00701555 0.00537539 0.0134867 0.00701555 -0.00645792 0.0151866 0.00701555 -0.0064504 0.0134409 0.00701555 -0.00502299 0.0143095 0.00701555 -0.00821425 0.0128151 0.00701555 -0.0093021 0.01323 0.00701555 -0.0098599 0.0132774 0.00701555 -0.00789796 0.010523 0.00701555 -0.0127087 0.0119574 0.00701555 -0.0113693 0.0112095 0.00701555 -0.0118519 0.0121162 0.00701555 -0.0106313 0.010133 0.00701555 -0.0129385 0.00892941 0.00701555 -0.013875 0.0126434 0.00701555 -0.00232 0.0164843 0.00701555 -0.000710802 0.0119483 0.00701555 -0.00111251 0.0164516 0.00701555 0.00126161 0.0123391 0.00701555 0.0018849 0.0122556 0.00701555 0.0015916 0.0149628 0.00701555 0.006954 0.0118317 0.00701555 0.00356996 0.0156852 0.00701555 0.00511956 0.0115711 0.00701555 0.0117622 0.00925396 0.00701555 0.0107963 0.00985073 0.00701555 0.0101893 0.0106954 0.00701555 0.00871844 0.0109189 0.00701555 0.00789711 0.0140252 0.00701555 0.00869158 0.00486043 0.00701555 0.0157678 0.00294353 0.00701555 0.0162352 0.00445553 0.00701555 0.0117555 0.00034377 0.00701555 0.011995 0.00202761 0.00701555 0.0118274 0.000990607 0.00701555 0.0164698 -0.00134658 0.00701555 0.011924 -0.000981253 0.00701555 0.0164706 -0.00294176 0.00701555 0.0162356 -0.00461242 0.00701555 0.0110779 -0.00485282 0.00701555 0.0157698 -0.00669833 0.00701555 0.0150789 -0.00300969 0.00701555 0.0116162 -0.00751146 0.00701555 0.00935831 -0.00612297 0.00701555 0.0103201 -0.0100793 0.00701555 0.0130631 -0.00845125 0.00701555 0.0141713 -0.0128862 0.00701555 0.010305 -0.0140236 0.00701555 0.00869375 -0.0098208 0.00701555 0.00689564 -0.00875324 0.00701555 0.00820855 -0.0115637 0.00701555 0.0117694 -0.0149585 0.00701555 0.00696266 -0.0106929 0.00701555 0.0054459 -0.0113523 0.00701555 0.00388837 -0.0161831 0.00701555 0.0032181 -0.0117861 0.00701555 0.00225424 -0.0164849 0.00701555 -0.000700759 -0.011986 0.00701555 0.000579398 -0.0164506 0.00701555 0.00126987 -0.0162834 0.00701555 -0.00266457 -0.0126445 0.00701555 -0.00232086 -0.0119483 0.00701555 -0.00111251 -0.0131534 0.00701555 -0.0036343 -0.0158498 0.00701555 -0.00458498 -0.0134421 0.00701555 -0.00502599 -0.013487 0.00701555 -0.00646161 -0.0151906 0.00701555 -0.00644088 -0.0143132 0.00701555 -0.00820849 -0.0132318 0.00701555 -0.00985696 -0.0128131 0.00701555 -0.00930546 -0.0132765 0.00701555 -0.00790178 -0.0119641 0.00701555 -0.0113621 -0.0112072 0.00701555 -0.0118533 -0.0121137 0.00701555 -0.0106337 -0.0101315 0.00701555 -0.012939 -0.010523 0.00701555 -0.0127087 -0.00892941 0.00701555 -0.013875 -0.0156826 0.00701555 0.00512826 0.0103359 0.00701555 0.00948997 0.0128905 0.00701555 0.010299 0.00367129 0.00701555 0.0114246 0.00528453 0.00701555 0.0119485 0.0067076 0.00701555 0.0150747 0.0069801 0.00701555 0.011903 0.00856289 0.00701555 0.0112932 0.00613426 0.00701555 0.0119982 0.0109998 0.00701555 0.00704978 0.0113394 0.00701555 0.00392662 0.0116001 0.00701555 0.00376837 0.012028 0.00701555 0.00333663 0.012 0.00701555 -2.40834e-05 0.0121256 0.00701555 0.00131571 0.012184 0.00701555 0.00307455 0.0161832 0.00701555 0.00321717 0.0122954 0.00701555 0.00279066 0.0123593 0.00701555 0.00249247 0.012374 0.00701555 0.00218786 0.0119527 0.00701555 0.00106454 -0.0151906 0.00751555 -0.00644088 -0.0158498 0.00751555 -0.00458498 -0.0134421 0.00751555 -0.00502599 0.0109189 0.00751555 0.00789711 0.0140252 0.00751555 0.00869158 0.0109998 0.00751555 0.00704978 0.00985073 0.00751555 0.0101893 0.00925396 0.00751555 0.0107963 0.0115711 0.00751555 0.0117622 -0.0164849 0.00751555 -0.000700759 -0.0119483 0.00751555 -0.00111251 -0.0126445 0.00751555 -0.00232086 0.00294353 0.00751555 0.0162352 0.00486043 0.00751555 0.0157678 0.00445553 0.00751555 0.0117555 0.0149628 0.00751555 0.006954 -0.000981253 0.00751555 0.0164706 0.000990607 0.00751555 0.0164698 0.00034377 0.00751555 0.011995 0.00202761 0.00751555 0.0118274 -0.00612297 0.00751555 0.0103201 -0.00751146 0.00751555 0.00935831 -0.0100793 0.00751555 0.0130631 -0.00300969 0.00751555 0.0116162 -0.00485282 0.00751555 0.0157698 -0.00294176 0.00751555 0.0162356 -0.00461242 0.00751555 0.0110779 -0.00669833 0.00751555 0.0150789 -0.00134658 0.00751555 0.011924 -0.00875324 0.00751555 0.00820855 -0.0115637 0.00751555 0.0117694 -0.0140236 0.00751555 0.00869375 -0.0106929 0.00751555 0.0054459 -0.0149585 0.00751555 0.00696266 -0.0098208 0.00751555 0.00689564 -0.0128862 0.00751555 0.010305 -0.0113523 0.00751555 0.00388837 -0.0161831 0.00751555 0.0032181 -0.0156826 0.00751555 0.00512826 -0.0117861 0.00751555 0.00225424 -0.0164506 0.00751555 0.00126987 -0.011986 0.00751555 0.000579398 0.0100839 0.00751555 0.01306 0.00779754 0.00751555 0.0116657 0.00845534 0.00751555 0.0141685 0.0103359 0.00751555 0.00948997 0.0128905 0.00751555 0.010299 -0.0131534 0.00751555 -0.0036343 -0.0162834 0.00751555 -0.00266457 0.0110578 0.00751555 0.00466102 0.0109357 0.00751555 0.00620101 0.0156852 0.00751555 0.00511956 -0.013487 0.00751555 -0.00646161 0.0116001 0.00751555 0.00376837 0.0113394 0.00751555 0.00392662 0.0118317 0.00751555 0.00356996 -0.0132765 0.00751555 -0.00790178 -0.0128131 0.00751555 -0.00930546 -0.0143132 0.00751555 -0.00820849 0.012184 0.00751555 0.00307455 0.0161832 0.00751555 0.00321717 0.0122954 0.00751555 0.00279066 -0.0112072 0.00751555 -0.0118533 -0.010523 0.00751555 -0.0127087 -0.0119641 0.00751555 -0.0113621 -0.0132318 0.00751555 -0.00985696 -0.0121137 0.00751555 -0.0106337 0.0164843 0.00751555 -0.000710802 0.0126434 0.00751555 -0.00232 0.0119483 0.00751555 -0.00111251 -0.0101315 0.00751555 -0.012939 0.0131518 0.00751555 -0.00363234 0.0162824 0.00751555 -0.00266871 -0.00892941 0.00751555 -0.013875 0.0119527 0.00751555 0.00106454 0.0121256 0.00751555 0.00131571 0.012 0.00751555 -2.40834e-05 0.0106954 0.00751555 0.00871844 -0.00845125 0.00751555 0.0141713 0.00367129 0.00751555 0.0114246 0.00528453 0.00751555 0.0119485 0.0067076 0.00751555 0.0150747 0.0069801 0.00751555 0.011903 0.00856289 0.00751555 0.0112932 0.00613426 0.00751555 0.0119982 0.0107287 0.00751555 0.00537539 0.012028 0.00751555 0.00333663 0.0122556 0.00751555 0.0015916 0.0164516 0.00751555 0.00126161 0.0158483 0.00751555 -0.00459108 0.0123391 0.00751555 0.0018849 0.012374 0.00751555 0.00218786 0.0123593 0.00751555 0.00249247 0.0151866 0.00751555 -0.0064504 0.0134867 0.00751555 -0.00645792 0.0134409 0.00751555 -0.00502299 0.0119574 0.00751555 -0.0113693 0.0121162 0.00751555 -0.0106313 0.01323 0.00751555 -0.0098599 0.0128151 0.00751555 -0.0093021 0.0132774 0.00751555 -0.00789796 0.0143095 0.00751555 -0.00821425 0.010523 0.00751555 -0.0127087 0.0112095 0.00751555 -0.0118519 0.00892941 0.00751555 -0.013875 0.010133 0.00751555 -0.0129385</float_array>
          <technique_common>
            <accessor count="440" source="#ID30" stride="3">
              <param name="X" type="float"/>
              <param name="Y" type="float"/>
              <param name="Z" type="float"/>
            </accessor>
          </technique_common>
        </source>
        <source id="ID31">
          <float_array count="1320" id="ID32">-0.973145 0 0.230193 -0.973145 0 0.230193 -0.922249 0 0.386597 -0.850465 0 0.526032 -0.922249 0 0.386597 -0.763696 0 0.645576 -0.850465 0 0.526032 -0.763696 0 0.645576 -0.667351 0 0.744744 -0.565652 0 0.824644 -0.667351 0 0.744744 -0.565652 0 0.824644 -0.998041 0 0.062569 -0.998041 0 0.062569 -0.994122 0 -0.108264 -0.961847 0 -0.273589 -0.994122 0 -0.108264 -0.904778 0 -0.425884 -0.961847 0 -0.273589 -0.904778 0 -0.425884 -0.828391 0 -0.56015 -0.828391 0 -0.56015 -0.0597263 0 0.998215 -0.0597263 0 0.998215 0.0597263 0 0.998215 -0.178326 0 0.983971 -0.178326 0 0.983971 -0.294382 0 0.955688 -0.294382 0 0.955688 -0.406238 0 0.913768 -0.406238 0 0.913768 -0.512296 0 0.858809 -0.512296 0 0.858809 -0.611045 0 0.791596 -0.611045 0 0.791596 -0.701075 0 0.713088 -0.701075 0 0.713088 -0.781101 0 0.624405 -0.781101 0 0.624405 -0.849982 0 0.526812 -0.849982 0 0.526812 -0.906734 0 0.421703 -0.906734 0 0.421703 -0.950549 0 0.310576 -0.950549 0 0.310576 -0.9808 0 0.195017 -0.9808 0 0.195017 -0.997056 0 0.0766761 -0.997056 0 0.0766761 -0.999085 0 -0.0427591 -0.999085 0 -0.0427591 -0.986859 0 -0.161584 -0.986859 0 -0.161584 -0.960551 0 -0.278104 -0.960551 0 -0.278104 -0.920537 0 -0.390655 -0.920537 0 -0.390655 -0.867388 0 -0.497632 -0.867388 0 -0.497632 -0.801863 0 -0.597508 -0.801863 0 -0.597508 -0.724895 0 -0.688859 -0.724895 0 -0.688859 -0.637585 0 -0.77038 -0.637585 0 -0.77038 -0.541176 0 -0.840909 -0.541176 0 -0.840909 0.059726 0 0.998215 0.178326 0 0.983971 0.178326 0 0.983971 0.294382 0 0.955688 0.294382 0 0.955688 0.406237 0 0.913768 0.406237 0 0.913768 0.512296 0 0.858809 0.512296 0 0.858809 0.611045 0 0.791596 0.611045 0 0.791596 0.701075 0 0.713088 0.701075 0 0.713088 0.781101 0 0.624405 0.781101 0 0.624405 0.849982 0 0.526812 0.849982 0 0.526812 0.906734 0 0.421703 0.906734 0 0.421703 0.950549 0 0.310576 0.950549 0 0.310575 0.9808 0 0.195017 0.9808 0 0.195017 0.997056 0 0.0766764 0.997056 0 0.0766759 0.999085 0 -0.0427588 0.999085 0 -0.0427593 0.986859 0 -0.161584 0.986859 0 -0.161584 0.960551 0 -0.278104 0.960551 0 -0.278104 0.920537 0 -0.390655 0.920537 0 -0.390655 0.867388 0 -0.497632 0.867388 0 -0.497632 0.801863 0 -0.597508 0.801863 0 -0.597509 0.724896 0 -0.688859 0.724895 0 -0.688859 0.637585 0 -0.77038 0.637585 0 -0.77038 0.541176 0 -0.840909 0.541177 0 -0.840909 0.973145 0 0.230193 0.973145 0 0.230193 0.998041 0 0.0625689 0.994122 0 -0.108264 0.998041 0 0.0625689 0.961847 0 -0.273589 0.994122 0 -0.108264 0.961847 0 -0.273589 0.904778 0 -0.425884 0.828391 0 -0.56015 0.904778 0 -0.425884 0.828391 0 -0.56015 0.922249 0 0.386597 0.922249 0 0.386597 0.850465 0 0.526032 0.763696 0 0.645576 0.850465 0 0.526032 0.667351 0 0.744744 0.763696 0 0.645576 0.66735 0 0.744744 0.565652 0 0.824644 0.565652 0 0.824644 0.998839 0 -0.0481795 0.995693 0 0.0927088 0.995693 0 0.0927088 0.89097 0 -0.454062 0.945952 0 -0.324307 0.945952 0 -0.324307 0.982148 0 -0.188111 0.998839 0 -0.0481795 0.982148 0 -0.188111 0.729367 0 -0.684123 0.625955 0 -0.779859 0.729367 0 -0.684123 0.89097 0 -0.454062 0.818294 0 -0.5748 0.818294 0 -0.5748 0.384139 0 -0.923275 0.384139 0 -0.923275 0.250537 0 -0.968107 0.510112 0 -0.860108 0.625955 0 -0.779859 0.510112 0 -0.860108 0.111959 0 -0.993713 0.111959 0 -0.993713 -0.0288422 -0 -0.999584 0.250537 0 -0.968107 -0.0288422 -0 -0.999584 -0.16907 -0 -0.985604 -0.305941 -0 -0.95205 -0.16907 -0 -0.985604 -0.305941 -0 -0.95205 0.308893 0 -0.951097 0.465741 0 -0.884921 0.465741 0 -0.884921 -0.196021 -0 -0.9806 -0.0268526 -0 -0.999639 -0.0268526 -0 -0.999639 0.143094 0 -0.989709 0.308893 0 -0.951097 0.143094 0 -0.989709 -0.512577 -0 -0.858641 -0.650791 -0 -0.759257 -0.512577 -0 -0.858641 -0.196021 -0 -0.9806 -0.359508 -0 -0.933142 -0.359509 -0 -0.933142 -0.86718 -0 -0.497995 -0.86718 -0 -0.497995 -0.939084 -0 -0.343689 -0.770145 -0 -0.637868 -0.650791 -0 -0.759257 -0.770145 -0 -0.637868 -0.983772 -0 -0.179423 -0.983772 -0 -0.179423 -0.99995 -0 -0.00995689 -0.939084 -0 -0.343689 -0.99995 -0 -0.00995689 -0.98715 0 0.159798 -0.945741 0 0.324921 -0.98715 0 0.159798 -0.945741 0 0.324921 -0.921483 -0 -0.388418 -0.894059 -0 -0.44795 -0.894059 -0 -0.44795 -0.944949 -0 -0.327218 -0.921483 -0 -0.388418 -0.944949 -0 -0.327218 -0.586707 -0 -0.809799 -0.447672 -0 -0.894198 -0.447672 -0 -0.894198 -0.898115 -0 -0.439761 -0.814947 -0 -0.579535 -0.814947 -0 -0.579535 -0.710221 -0 -0.703979 -0.586707 -0 -0.809799 -0.710221 -0 -0.703979 -0.991603 -0 -0.129317 -0.999451 0 0.0331395 -0.991603 -0 -0.129317 -0.898115 -0 -0.439761 -0.957524 -0 -0.288353 -0.957524 -0 -0.288353 -0.980859 0 0.19472 -0.93632 0 0.351149 -0.93632 0 0.351149 -0.980859 0 0.19472 -0.999451 0 0.0331395 -0.867011 0 0.498288 -0.867011 0 0.498289 -0.774767 0 0.632247 -0.774767 0 0.632247 -0.999998 0 0.00200703 -0.996057 -0 -0.0887115 -0.996057 -0 -0.0887115 -0.995693 0 0.0927088 -0.999998 0 0.00200703 -0.995693 0 0.0927088 0 -1 0 0 -1 0 0 -1 0 0 -1 0 0 -1 0 0 -1 0 0 -1 0 0 -1 0 0 -1 0 0 -1 0 0 -1 0 0 -1 0 0 -1 0 0 -1 0 0 -1 0 0 -1 0 0 -1 0 0 -1 0 0 -1 0 0 -1 0 0 -1 0 0 -1 0 0 -1 0 0 -1 0 0 -1 0 0 -1 0 0 -1 0 0 -1 0 0 -1 0 0 -1 0 0 -1 0 0 -1 0 0 -1 0 0 -1 0 0 -1 0 0 -1 0 0 -1 0 0 -1 0 0 -1 0 0 -1 0 0 -1 0 0 -1 0 0 -1 0 0 -1 0 0 -1 0 0 -1 0 0 -1 0 0 -1 0 0 -1 0 0 -1 0 0 -1 0 0 -1 0 0 -1 0 0 -1 0 0 -1 0 0 -1 0 0 -1 0 0 -1 0 0 -1 0 0 -1 0 0 -1 0 0 -1 0 0 -1 0 0 -1 0 0 -1 0 0 -1 0 0 -1 0 0 -1 0 0 -1 0 0 -1 0 0 -1 0 0 -1 0 0 -1 0 0 -1 0 0 -1 0 0 -1 0 0 -1 0 0 -1 0 0 -1 0 0 -1 0 0 -1 0 0 -1 0 0 -1 0 0 -1 0 0 -1 0 0 -1 0 0 -1 0 0 -1 0 0 -1 0 0 -1 0 0 -1 0 0 -1 0 0 -1 0 0 -1 0 0 -1 0 0 -1 0 0 -1 0 0 -1 0 0 -1 0 0 -1 0 0 -1 0 0 -1 0 0 -1 0 0 -1 0 0 -1 0 0 -1 0 0 1 0 0 1 0 0 1 0 0 1 0 0 1 0 0 1 0 0 1 0 0 1 0 0 1 0 0 1 0 0 1 0 0 1 0 0 1 0 0 1 0 0 1 0 0 1 0 0 1 0 0 1 0 0 1 0 0 1 0 0 1 0 0 1 0 0 1 0 0 1 0 0 1 0 0 1 0 0 1 0 0 1 0 0 1 0 0 1 0 0 1 0 0 1 0 0 1 0 0 1 0 0 1 0 0 1 0 0 1 0 0 1 0 0 1 0 0 1 0 0 1 0 0 1 0 0 1 0 0 1 0 0 1 0 0 1 0 0 1 0 0 1 0 0 1 0 0 1 0 0 1 0 0 1 0 0 1 0 0 1 0 0 1 0 0 1 0 0 1 0 0 1 0 0 1 0 0 1 0 0 1 0 0 1 0 0 1 0 0 1 0 0 1 0 0 1 0 0 1 0 0 1 0 0 1 0 0 1 0 0 1 0 0 1 0 0 1 0 0 1 0 0 1 0 0 1 0 0 1 0 0 1 0 0 1 0 0 1 0 0 1 0 0 1 0 0 1 0 0 1 0 0 1 0 0 1 0 0 1 0 0 1 0 0 1 0 0 1 0 0 1 0 0 1 0 0 1 0 0 1 0 0 1 0 0 1 0 0 1 0 0 1 0 0 1 0 0 1 0 0 1 0 0 1 0 0 1 0 0 1 0 0 1 0 0 1 0</float_array>
          <technique_common>
            <accessor count="440" source="#ID32" stride="3">
              <param name="X" type="float"/>
              <param name="Y" type="float"/>
              <param name="Z" type="float"/>
            </accessor>
          </technique_common>
        </source>
        <vertices id="ID33">
          <input semantic="POSITION" source="#ID29"/>
          <input semantic="NORMAL" source="#ID31"/>
        </vertices>
        <triangles count="420" material="ID34">
          <input offset="0" semantic="VERTEX" source="#ID33"/>
          <p>0 1 2 3 4 2 0 2 4 3 5 6 6 4 3 7 5 8 5 7 6 9 10 8 7 8 10 11 10 9 12 1 0 13 12 14 12 13 1 15 16 14 13 14 16 15 17 18 18 16 15 19 17 20 17 19 18 19 20 21 22 23 24 23 25 26 25 23 22 27 26 28 25 28 26 29 30 27 27 28 29 30 31 32 31 30 29 33 32 34 31 34 32 35 36 33 33 34 35 36 37 38 37 36 35 39 38 40 37 40 38 41 42 39 39 40 41 42 43 44 43 42 41 45 44 46 43 46 44 47 48 45 45 46 47 48 49 50 49 48 47 51 50 52 49 52 50 53 54 51 51 52 53 54 55 56 55 54 53 57 56 58 55 58 56 59 60 57 57 58 59 60 61 62 61 60 59 63 62 64 61 64 62 65 66 63 63 64 65 22 24 67 68 69 67 67 24 68 69 70 71 70 69 68 72 71 73 70 73 71 74 75 72 72 73 74 75 76 77 76 75 74 78 77 79 76 79 77 80 81 78 78 79 80 81 82 83 82 81 80 84 83 85 82 85 83 86 87 84 84 85 86 87 88 89 88 87 86 90 89 91 88 91 89 92 93 90 90 91 92 93 94 95 94 93 92 96 95 97 94 97 95 98 99 96 96 97 98 99 100 101 100 99 98 102 101 103 100 103 101 104 105 102 102 103 104 105 106 107 106 105 104 106 108 107 107 108 109 110 111 112 113 114 112 110 112 114 113 115 116 116 114 113 117 115 118 115 117 116 119 120 118 117 118 120 121 120 119 122 111 110 123 122 124 122 123 111 125 126 124 123 124 126 125 127 128 128 126 125 129 127 130 127 129 128 129 130 131 132 133 134 135 136 137 138 139 140 141 142 143 144 145 146 147 148 149 150 151 152 153 154 155 154 153 156 157 158 155 155 154 157 159 158 160 157 160 158 161 159 160 156 149 148 153 149 156 150 152 147 147 152 148 141 151 142 142 151 150 145 143 146 145 141 143 144 135 137 144 146 135 136 138 140 137 136 140 132 134 139 138 132 139 162 163 164 165 166 167 168 169 170 171 172 173 174 175 176 177 178 179 180 181 182 183 184 185 184 183 186 187 188 185 185 184 187 189 188 190 187 190 188 191 189 190 186 179 178 183 179 186 180 182 177 177 182 178 171 181 172 172 181 180 175 173 176 175 171 173 174 165 167 174 176 165 166 168 170 167 166 170 162 164 169 168 162 169 192 193 194 195 196 197 196 192 194 195 192 196 198 199 200 201 202 203 204 205 206 207 208 209 210 211 212 213 214 215 216 217 213 218 219 214 215 214 219 220 218 221 218 220 219 208 217 216 216 213 215 211 207 209 207 217 208 210 212 201 211 209 212 203 202 206 210 201 203 204 198 205 202 204 206 200 205 198 222 223 224 225 226 227 226 222 224 225 222 226 228 229 230 231 232 233 234 235 236 237 238 239 231 233 239 239 238 231 240 238 237 240 241 242 241 240 243 244 245 246 247 245 242 244 248 249 246 248 244 247 242 241 247 246 245 240 237 243 232 250 233 250 251 252 251 250 232 253 254 255 256 235 234 257 258 234 259 260 261 262 263 264 265 266 267 268 269 270 269 267 266 271 272 273 272 268 270 274 275 276 273 275 277 278 279 280 281 279 274 282 283 284 285 278 286 283 287 288 289 290 291 292 293 294 291 290 294 292 295 296 297 293 292 298 299 300 295 298 296 301 302 303 299 302 300 304 305 303 306 303 305 307 308 309 309 304 307 310 308 311 311 312 310 311 308 307 309 305 304 300 302 301 301 303 306 299 298 295 296 297 292 291 294 293 313 290 289 286 282 285 259 314 315 288 287 289 287 313 289 284 283 288 285 282 284 280 286 278 281 280 279 276 281 274 277 275 274 271 273 277 268 272 271 266 270 269 267 269 316 265 267 317 318 319 230 260 229 320 318 317 321 317 318 265 321 319 318 319 228 230 228 320 229 260 259 229 314 259 261 315 262 264 262 315 314 322 264 263 322 235 256 322 256 264 256 234 258 323 324 234 325 258 257 257 234 324 326 253 327 258 328 329 328 258 325 329 330 331 328 330 329 253 329 332 331 332 329 327 253 255 253 332 254 333 326 327 252 251 326 326 251 253 334 335 336 337 338 339 340 341 342 343 344 345 346 347 348 339 338 349 350 351 352 351 353 352 354 355 356 357 358 359 360 361 358 362 359 350 355 363 364 365 366 367 368 365 369 346 348 353 370 371 372 373 374 371 373 371 370 374 375 343 376 377 378 379 342 380 375 344 343 381 382 345 382 343 345 382 381 335 349 383 384 335 381 336 385 383 349 336 386 334 387 388 383 385 389 383 390 391 392 393 394 395 396 397 398 399 400 398 401 402 403 397 396 404 405 402 406 397 404 407 408 409 410 396 398 400 399 392 391 400 399 391 386 392 334 386 390 392 339 349 384 411 380 338 375 374 373 387 383 389 369 364 363 354 412 360 366 370 367 367 370 372 368 366 365 363 368 369 356 355 364 412 354 356 361 360 412 357 360 358 362 357 359 352 362 350 346 353 351 348 413 353 347 414 348 415 378 416 341 417 376 415 418 414 414 347 415 418 415 416 416 378 377 377 376 417 341 376 342 379 340 342 411 379 380 337 411 338 383 419 384 385 420 389 409 421 422 405 406 423 401 410 422 422 424 425 394 425 426 393 385 394 393 420 385 426 395 394 422 425 394 422 421 424 409 422 410 403 410 401 406 402 401 427 428 429 430 431 432 433 434 435 423 427 429 405 423 429 435 434 428 427 435 428 432 431 433 435 432 433 436 437 430 430 437 431 438 439 436 436 439 437</p>
        </triangles>
      </mesh>
    </geometry>
    <geometry id="ID36">
      <mesh>
        <source id="ID37">
          <float_array count="786" id="ID38">0.00766793 0.00751555 -0.0141684 0.0079407 0.00701555 -0.0138901 0.00794081 0.00751555 -0.01389 0.0073729 0.00751555 -0.014424 0.00766677 0.00701555 -0.0141683 0.00737175 0.00701555 -0.0144236 0.00706063 0.00751555 -0.0146583 0.00673467 0.00751555 -0.014873 0.00705989 0.00701555 -0.014658 0.00639793 0.00751555 -0.01507 0.00673442 0.00701555 -0.014873 0.00639755 0.00701555 -0.0150698 0.00605193 0.00751555 -0.0152503 0.0056982 0.00751555 -0.0154152 0.00605147 0.00701555 -0.0152501 0.00533809 0.00751555 -0.0155656 0.00569787 0.00701555 -0.0154149 0.00533795 0.00701555 -0.0155655 0.00497276 0.00751555 -0.0157027 0.004603 0.00751555 -0.0158271 0.00497266 0.00701555 -0.0157027 0.00422937 0.00751555 -0.0159395 0.0046028 0.00701555 -0.015827 0.00422917 0.00701555 -0.0159394 0.00385244 0.00751555 -0.0160404 0.00347273 0.00751555 -0.0161304 0.0038524 0.00701555 -0.0160404 0.00347273 0.00701555 -0.0161304 0.00818649 0.00701555 -0.0135876 0.00839854 0.00701555 -0.0132605 0.00818805 0.00751555 -0.0135875 0.0085686 0.00701555 -0.0129095 0.00840111 0.00751555 -0.0132598 0.0085707 0.00751555 -0.012908 0.00868722 0.00701555 -0.0125374 0.0087445 0.00701555 -0.0121521 0.00868761 0.00751555 -0.0125365 0.00873769 0.00701555 -0.0117628 0.00874513 0.00751555 -0.0121505 0.00873699 0.00751555 -0.0117598 0.0086667 0.00701555 -0.0113789 0.00853611 0.00701555 -0.0110102 0.00866461 0.00751555 -0.0113767 0.00835583 0.00701555 -0.010664 0.00853471 0.00751555 -0.0110096 0.00835506 0.00751555 -0.0106637 0.00813563 0.00701555 -0.0103422 0.00788218 0.00701555 -0.0100451 0.00813376 0.00751555 -0.0103421 0.00760287 0.00701555 -0.00977207 0.00788055 0.00751555 -0.0100454 0.00760287 0.00751555 -0.00977207 0.00730335 0.00701555 -0.00952161 0.00730335 0.00751555 -0.00952161 0.00630111 0.00751555 -0.0152494 0.00720527 0.00751555 -0.0148437 0.00630111 0.00701555 -0.0152494 0.00720527 0.00701555 -0.0148437 0.00808028 0.00751555 -0.014386 0.00892941 0.00751555 -0.013875 0.00808028 0.00701555 -0.014386 0.00892941 0.00701555 -0.013875 0.00537763 0.00701555 -0.0155991 0.00443483 0.00701555 -0.0158928 0.00537763 0.00751555 -0.0155991 0.00443483 0.00751555 -0.0158928 0.00347273 0.00701555 -0.0161304 0.00347273 0.00751555 -0.0161304 0.00954579 0.00701555 -0.0134259 0.00892941 0.00701555 -0.013875 0.00892941 0.00751555 -0.013875 0.0112072 0.00701555 -0.0118533 0.0106866 0.00701555 -0.0124144 0.0106866 0.00751555 -0.0124144 0.0101315 0.00701555 -0.012939 0.00954579 0.00751555 -0.0134259 0.0101315 0.00751555 -0.012939 0.0121137 0.00751555 -0.0106337 0.0124915 0.00701555 -0.00998091 0.0121137 0.00701555 -0.0106337 0.0112072 0.00751555 -0.0118533 0.0116835 0.00751555 -0.0112591 0.0116835 0.00701555 -0.0112591 0.0130763 0.00701555 -0.00860942 0.0130763 0.00751555 -0.00860942 0.0132765 0.00701555 -0.00790178 0.0128131 0.00701555 -0.00930546 0.0124915 0.00751555 -0.00998091 0.0128131 0.00751555 -0.00930546 0.013496 0.00701555 -0.0057395 0.013487 0.00701555 -0.00646161 0.013487 0.00751555 -0.00646161 0.0134142 0.00751555 -0.00718198 0.0134142 0.00701555 -0.00718198 0.0132765 0.00751555 -0.00790178 0.0133269 0.00751555 -0.00432186 0.0131534 0.00701555 -0.0036343 0.0133269 0.00701555 -0.00432186 0.013496 0.00751555 -0.0057395 0.0134421 0.00751555 -0.00502599 0.0134421 0.00701555 -0.00502599 0.012925 0.00701555 -0.00296611 0.0131534 0.00751555 -0.0036343 0.012925 0.00751555 -0.00296611 0.0126445 0.00701555 -0.00232086 0.0126445 0.00751555 -0.00232086 0.0123188 0.00701555 -0.00170286 0.0119483 0.00701555 -0.00111251 0.0123188 0.00751555 -0.00170286 0.0119483 0.00751555 -0.00111251 0.0118308 0.00701555 -0.00200653 0.0119483 0.00701555 -0.00111251 0.0119483 0.00751555 -0.00111251 0.0110889 0.00701555 -0.00458601 0.0114011 0.00701555 -0.00374328 0.0114011 0.00751555 -0.00374328 0.0116484 0.00701555 -0.00288345 0.0118308 0.00751555 -0.00200653 0.0116484 0.00751555 -0.00288345 0.0102808 0.00751555 -0.00618851 0.00978844 0.00701555 -0.00694158 0.0102808 0.00701555 -0.00618851 0.0110889 0.00751555 -0.00458601 0.0107148 0.00751555 -0.00540289 0.0107148 0.00701555 -0.00540289 0.00924271 0.00751555 -0.00765284 0.00864273 0.00751555 -0.00832484 0.00864273 0.00701555 -0.00832484 0.00924271 0.00701555 -0.00765284 0.00978844 0.00751555 -0.00694158 0.00799756 0.00751555 -0.00894615 0.00799756 0.00701555 -0.00894615 0.00730335 0.00701555 -0.00952161 0.00730335 0.00751555 -0.00952161 0.0106866 0.00701555 -0.0124144 0.0112072 0.00701555 -0.0118533 0.0086667 0.00701555 -0.0113789 0.00808028 0.00701555 -0.014386 0.00737175 0.00701555 -0.0144236 0.00720527 0.00701555 -0.0148437 0.00978844 0.00701555 -0.00694158 0.0124915 0.00701555 -0.00998091 0.0102808 0.00701555 -0.00618851 0.0130763 0.00701555 -0.00860942 0.0132765 0.00701555 -0.00790178 0.00853611 0.00701555 -0.0110102 0.0116835 0.00701555 -0.0112591 0.0121137 0.00701555 -0.0106337 0.0087445 0.00701555 -0.0121521 0.0101315 0.00701555 -0.012939 0.00873769 0.00701555 -0.0117628 0.00954579 0.00701555 -0.0134259 0.00868722 0.00701555 -0.0125374 0.0085686 0.00701555 -0.0129095 0.00892941 0.00701555 -0.013875 0.00818649 0.00701555 -0.0135876 0.00839854 0.00701555 -0.0132605 0.00766677 0.00701555 -0.0141683 0.0079407 0.00701555 -0.0138901 0.00673442 0.00701555 -0.014873 0.00630111 0.00701555 -0.0152494 0.00705989 0.00701555 -0.014658 0.00605147 0.00701555 -0.0152501 0.00569787 0.00701555 -0.0154149 0.00639755 0.00701555 -0.0150698 0.00537763 0.00701555 -0.0155991 0.00533795 0.00701555 -0.0155655 0.00497266 0.00701555 -0.0157027 0.0046028 0.00701555 -0.015827 0.00443483 0.00701555 -0.0158928 0.00422917 0.00701555 -0.0159394 0.00347273 0.00701555 -0.0161304 0.0038524 0.00701555 -0.0160404 0.00404009 0.00701555 -0.0159901 0.0128131 0.00701555 -0.00930546 0.00924271 0.00701555 -0.00765284 0.0134142 0.00701555 -0.00718198 0.013487 0.00701555 -0.00646161 0.0107148 0.00701555 -0.00540289 0.0110889 0.00701555 -0.00458601 0.013496 0.00701555 -0.0057395 0.0134421 0.00701555 -0.00502599 0.0133269 0.00701555 -0.00432186 0.0131534 0.00701555 -0.0036343 0.0114011 0.00701555 -0.00374328 0.012925 0.00701555 -0.00296611 0.0116484 0.00701555 -0.00288345 0.0126445 0.00701555 -0.00232086 0.0118308 0.00701555 -0.00200653 0.0123188 0.00701555 -0.00170286 0.00813563 0.00701555 -0.0103422 0.00799756 0.00701555 -0.00894615 0.00788218 0.00701555 -0.0100451 0.00835583 0.00701555 -0.010664 0.00864273 0.00701555 -0.00832484 0.0119483 0.00701555 -0.00111251 0.00730335 0.00701555 -0.00952161 0.00760287 0.00701555 -0.00977207 0.012925 0.00751555 -0.00296611 0.0114011 0.00751555 -0.00374328 0.0116484 0.00751555 -0.00288345 0.00813376 0.00751555 -0.0103421 0.00799756 0.00751555 -0.00894615 0.00864273 0.00751555 -0.00832484 0.0110889 0.00751555 -0.00458601 0.0133269 0.00751555 -0.00432186 0.0131534 0.00751555 -0.0036343 0.0134421 0.00751555 -0.00502599 0.0126445 0.00751555 -0.00232086 0.013496 0.00751555 -0.0057395 0.0118308 0.00751555 -0.00200653 0.013487 0.00751555 -0.00646161 0.0123188 0.00751555 -0.00170286 0.0107148 0.00751555 -0.00540289 0.0119483 0.00751555 -0.00111251 0.0134142 0.00751555 -0.00718198 0.0132765 0.00751555 -0.00790178 0.0102808 0.00751555 -0.00618851 0.0130763 0.00751555 -0.00860942 0.0128131 0.00751555 -0.00930546 0.0124915 0.00751555 -0.00998091 0.00978844 0.00751555 -0.00694158 0.00924271 0.00751555 -0.00765284 0.0116835 0.00751555 -0.0112591 0.0121137 0.00751555 -0.0106337 0.00788055 0.00751555 -0.0100454 0.00853471 0.00751555 -0.0110096 0.00835506 0.00751555 -0.0106637 0.00954579 0.00751555 -0.0134259 0.00868761 0.00751555 -0.0125365 0.00874513 0.00751555 -0.0121505 0.0112072 0.00751555 -0.0118533 0.00866461 0.00751555 -0.0113767 0.00720527 0.00751555 -0.0148437 0.0073729 0.00751555 -0.014424 0.00808028 0.00751555 -0.014386 0.00760287 0.00751555 -0.00977207 0.00730335 0.00751555 -0.00952161 0.00818805 0.00751555 -0.0135875 0.00840111 0.00751555 -0.0132598 0.00892941 0.00751555 -0.013875 0.0056982 0.00751555 -0.0154152 0.00537763 0.00751555 -0.0155991 0.00533809 0.00751555 -0.0155656 0.00443483 0.00751555 -0.0158928 0.00422937 0.00751555 -0.0159395 0.004603 0.00751555 -0.0158271 0.00766793 0.00751555 -0.0141684 0.00794081 0.00751555 -0.01389 0.0101315 0.00751555 -0.012939 0.00873699 0.00751555 -0.0117598 0.0106866 0.00751555 -0.0124144 0.0085707 0.00751555 -0.012908 0.00673467 0.00751555 -0.014873 0.00706063 0.00751555 -0.0146583 0.00639793 0.00751555 -0.01507 0.00630111 0.00751555 -0.0152494 0.00605193 0.00751555 -0.0152503 0.00497276 0.00751555 -0.0157027 0.0040402 0.00751555 -0.0159902 0.00347273 0.00751555 -0.0161304 0.00385244 0.00751555 -0.0160404</float_array>
          <technique_common>
            <accessor count="262" source="#ID38" stride="3">
              <param name="X" type="float"/>
              <param name="Y" type="float"/>
              <param name="Z" type="float"/>
            </accessor>
          </technique_common>
        </source>
        <source id="ID39">
          <float_array count="786" id="ID40">-0.683003 0 0.730416 -0.743336 0 0.668918 -0.743298 0 0.66896 -0.626748 0 0.779222 -0.683099 0 0.730326 -0.626872 0 0.779122 -0.574782 0 0.818307 -0.526897 0 0.849929 -0.57489 0 0.818231 -0.482683 0 0.875795 -0.526964 0 0.849887 -0.482762 0 0.875752 -0.441756 0 0.897135 -0.403708 0 0.914888 -0.441842 0 0.897093 -0.368146 0 0.929768 -0.403765 0 0.914863 -0.368169 0 0.929759 -0.3347 0 0.942325 -0.303105 0 0.952957 -0.334734 0 0.942312 -0.273119 0 0.96198 -0.303172 0 0.952936 -0.273156 0 0.96197 -0.24451 0 0.969647 -0.217073 0 0.976155 -0.244503 0 0.969649 -0.217073 0 0.976155 -0.806512 0 0.591218 -0.869799 0 0.493405 -0.806451 0 0.591302 -0.928109 0 0.372307 -0.869824 0 0.493362 -0.928234 0 0.371998 -0.97374 0 0.227662 -0.997854 0 0.0654733 -0.973789 0 0.227452 -0.99475 0 -0.102339 -0.997882 0 0.0650463 -0.994665 0 -0.103161 -0.965135 0 -0.261753 -0.91581 0 -0.401611 -0.965001 0 -0.262248 -0.855743 0 -0.517401 -0.915783 0 -0.401673 -0.855731 0 -0.517422 -0.792097 0 -0.610395 -0.729405 0 -0.684083 -0.792123 0 -0.610362 -0.669998 0 -0.742362 -0.729476 0 -0.684006 -0.669996 0 -0.742364 -0.614739 0 -0.788731 -0.614739 0 -0.788731 0.381986 0 -0.924168 0.436683 0 -0.899615 0.381986 0 -0.924168 0.436683 0 -0.899615 0.48981 0 -0.871829 0.541176 0 -0.840909 0.48981 0 -0.871829 0.541176 0 -0.840909 0.325917 0 -0.945399 0.268676 0 -0.963231 0.325917 0 -0.945399 0.268676 0 -0.963231 0.210468 0 -0.977601 0.210468 0 -0.977601 0.616959 0 -0.786995 0.565652 0 -0.824644 0.565652 0 -0.824644 0.763696 0 -0.645576 0.716425 0 -0.697664 0.716425 0 -0.697664 0.667351 0 -0.744744 0.616959 0 -0.786995 0.667351 0 -0.744744 0.850465 0 -0.526032 0.8886 0 -0.458683 0.850465 0 -0.526032 0.763696 0 -0.645576 0.808593 0 -0.588369 0.808593 0 -0.588369 0.950664 0 -0.310222 0.950664 0 -0.310222 0.973145 0 -0.230193 0.922249 0 -0.386597 0.8886 0 -0.458683 0.922249 0 -0.386597 0.999736 0 0.0229979 0.998041 0 -0.062569 0.998041 0 -0.062569 0.989089 0 -0.147322 0.989089 0 -0.147321 0.973145 0 -0.230193 0.981369 0 0.192133 0.961847 0 0.273589 0.981369 0 0.192133 0.999736 0 0.0229979 0.994122 0 0.108264 0.994122 0 0.108264 0.936096 0 0.351745 0.961847 0 0.273589 0.936096 0 0.351745 0.904778 0 0.425884 0.904778 0 0.425884 0.868625 0 0.495469 0.828391 0 0.56015 0.868625 0 0.49547 0.828391 0 0.56015 -0.985968 0 0.166934 -0.995693 0 0.0927088 -0.995693 0 0.0927088 -0.924013 0 0.38236 -0.950028 0 0.312166 -0.950028 0 0.312166 -0.970718 0 0.240223 -0.985968 0 0.166934 -0.970718 0 0.240223 -0.856626 0 0.515938 -0.81563 0 0.578574 -0.856626 0 0.515938 -0.924013 0 0.38236 -0.892821 0 0.450411 -0.892821 0 0.450411 -0.770063 0 0.637967 -0.720182 0 0.693786 -0.720182 0 0.693786 -0.770063 0 0.637967 -0.81563 0 0.578574 -0.666264 0 0.745716 -0.666264 0 0.745716 -0.608612 0 0.793468 -0.608612 0 0.793468 0 -1 0 0 -1 0 0 -1 0 0 -1 0 0 -1 0 0 -1 0 0 -1 0 0 -1 0 0 -1 0 0 -1 0 0 -1 0 0 -1 0 0 -1 0 0 -1 0 0 -1 0 0 -1 0 0 -1 0 0 -1 0 0 -1 0 0 -1 0 0 -1 0 0 -1 0 0 -1 0 0 -1 0 0 -1 0 0 -1 0 0 -1 0 0 -1 0 0 -1 0 0 -1 0 0 -1 0 0 -1 0 0 -1 0 0 -1 0 0 -1 0 0 -1 0 0 -1 0 0 -1 0 0 -1 0 0 -1 0 0 -1 0 0 -1 0 0 -1 0 0 -1 0 0 -1 0 0 -1 0 0 -1 0 0 -1 0 0 -1 0 0 -1 0 0 -1 0 0 -1 0 0 -1 0 0 -1 0 0 -1 0 0 -1 0 0 -1 0 0 -1 0 0 -1 0 0 -1 0 0 -1 0 0 -1 0 0 -1 0 0 -1 0 0 1 0 0 1 0 0 1 0 0 1 0 0 1 0 0 1 0 0 1 0 0 1 0 0 1 0 0 1 0 0 1 0 0 1 0 0 1 0 0 1 0 0 1 0 0 1 0 0 1 0 0 1 0 0 1 0 0 1 0 0 1 0 0 1 0 0 1 0 0 1 0 0 1 0 0 1 0 0 1 0 0 1 0 0 1 0 0 1 0 0 1 0 0 1 0 0 1 0 0 1 0 0 1 0 0 1 0 0 1 0 0 1 0 0 1 0 0 1 0 0 1 0 0 1 0 0 1 0 0 1 0 0 1 0 0 1 0 0 1 0 0 1 0 0 1 0 0 1 0 0 1 0 0 1 0 0 1 0 0 1 0 0 1 0 0 1 0 0 1 0 0 1 0 0 1 0 0 1 0 0 1 0 0 1 0 0 1 0 0 1 0</float_array>
          <technique_common>
            <accessor count="262" source="#ID40" stride="3">
              <param name="X" type="float"/>
              <param name="Y" type="float"/>
              <param name="Z" type="float"/>
            </accessor>
          </technique_common>
        </source>
        <vertices id="ID41">
          <input semantic="POSITION" source="#ID37"/>
          <input semantic="NORMAL" source="#ID39"/>
        </vertices>
        <triangles count="248" material="ID42">
          <input offset="0" semantic="VERTEX" source="#ID41"/>
          <p>0 1 2 0 3 4 4 1 0 5 3 6 3 5 4 7 8 6 5 6 8 7 9 10 10 8 7 11 9 12 9 11 10 13 14 12 11 12 14 13 15 16 16 14 13 17 15 18 15 17 16 19 20 18 17 18 20 19 21 22 22 20 19 23 21 24 21 23 22 25 26 24 23 24 26 27 26 25 28 2 1 29 30 28 2 28 30 29 31 32 32 30 29 33 31 34 31 33 32 35 36 34 33 34 36 35 37 38 38 36 35 39 37 40 37 39 38 41 42 40 39 40 42 41 43 44 44 42 41 45 43 46 43 45 44 47 48 46 45 46 48 47 49 50 50 48 47 51 49 52 49 51 50 51 52 53 54 55 56 57 55 58 55 57 56 59 60 58 57 58 60 61 60 59 62 54 56 62 63 64 64 54 62 65 63 66 63 65 64 65 66 67 68 69 70 71 72 73 74 75 76 77 78 79 80 81 82 83 84 85 86 87 88 89 90 91 92 93 94 95 96 97 98 99 100 101 96 102 95 102 96 101 103 104 103 101 102 105 106 104 104 103 105 107 106 108 105 108 106 109 107 108 100 99 97 99 95 97 98 89 91 98 100 89 90 93 92 91 90 92 85 84 94 93 85 94 86 88 83 83 88 84 77 87 78 78 87 86 81 79 82 81 77 79 80 71 73 80 82 71 72 74 76 73 72 76 68 70 75 74 68 75 110 111 112 113 114 115 116 117 118 119 120 121 122 123 124 125 126 127 128 129 125 130 131 126 127 126 131 132 130 133 130 132 131 120 129 128 128 125 127 123 119 121 119 129 120 122 124 113 123 121 124 115 114 118 122 113 115 116 110 117 114 116 118 112 117 110 134 135 136 137 138 139 140 141 142 142 143 144 135 145 136 146 147 140 148 149 150 134 150 149 149 148 151 151 148 152 151 153 154 153 151 152 154 155 137 155 154 156 138 137 157 157 137 158 159 160 139 139 161 159 162 163 160 164 160 159 165 166 167 165 160 163 168 169 165 165 167 168 168 170 169 171 172 173 169 170 173 163 166 165 138 161 139 164 162 160 155 158 137 150 134 136 156 154 153 143 142 174 175 146 140 176 177 178 178 142 144 177 179 178 180 179 177 179 181 182 180 181 179 183 184 182 179 182 184 184 183 185 186 185 187 185 186 184 135 175 145 186 187 188 189 188 187 190 191 192 193 145 194 189 195 188 144 176 178 147 141 140 141 174 142 175 135 146 194 145 175 194 191 190 194 190 193 196 197 191 192 191 197 198 199 200 201 202 203 204 199 205 199 206 205 207 204 205 198 206 199 208 198 200 204 207 209 200 210 208 211 204 209 212 208 210 213 204 211 212 210 214 213 211 215 213 216 217 215 216 213 217 218 219 217 216 218 220 221 217 222 221 223 220 224 221 202 201 225 203 226 227 228 229 230 226 231 232 233 234 235 217 219 220 221 224 223 222 223 231 203 222 226 202 236 237 238 239 240 241 242 243 244 245 246 235 247 248 249 250 251 227 201 203 202 225 236 231 226 222 232 251 250 232 231 251 249 228 230 250 249 230 240 252 228 229 228 252 240 239 252 235 248 238 240 235 238 253 254 233 247 235 234 233 254 234 255 253 256 233 256 253 241 256 242 256 241 257 256 257 255 242 244 246 242 246 258 242 258 243 259 245 244 260 259 261</p>
        </triangles>
      </mesh>
    </geometry>
    <geometry id="ID44">
      <mesh>
        <source id="ID45">
          <float_array count="1374" id="ID46">0.00795607 0.00701555 0.0023985 0.00870614 0.00751555 0.00279562 0.00870614 0.00701555 0.00279562 0.00546157 0.00701555 0.00202908 0.00631006 0.00751555 0.00200962 0.00631006 0.00701555 0.00200962 0.00714963 0.00701555 0.00213396 0.00714963 0.00751555 0.00213396 0.00795607 0.00751555 0.0023985 0.00383512 0.00751555 0.00249297 0.00383512 0.00701555 0.00249297 0.00310403 0.00701555 0.00292405 0.00546157 0.00751555 0.00202908 0.00462859 0.00701555 0.00219175 0.00462859 0.00751555 0.00219175 0.00191083 0.00701555 0.00412273 0.0014831 0.00701555 0.00485579 0.00191083 0.00751555 0.00412273 0.00245638 0.00701555 0.00347257 0.00245638 0.00751555 0.00347257 0.00310403 0.00751555 0.00292405 0.0010111 0.00701555 0.00733293 0.00102666 0.00751555 0.00648435 0.00102666 0.00701555 0.00648435 0.00118552 0.00751555 0.00565063 0.0014831 0.00751555 0.00485579 0.00118552 0.00701555 0.00565063 0.00140751 0.00751555 0.00897713 0.00113928 0.00751555 0.00817191 0.00140751 0.00701555 0.00897713 0.0010111 0.00751555 0.00733293 0.00113928 0.00701555 0.00817191 0.00180807 0.00701555 0.00972538 0.00180807 0.00751555 0.00972538 0.0023294 0.00701555 0.0103951 0.0023294 0.00751555 0.0103951 0.0029565 0.00751555 0.010967 0.0029565 0.00701555 0.010967 0.00367129 0.00701555 0.0114246 0.00367129 0.00751555 0.0114246 -0.0101523 0.00751555 0.00639778 -0.0101523 0.00701555 0.00639778 -0.0107913 0.00751555 0.005248 -0.0107913 0.00701555 0.005248 -0.0113024 0.00751555 0.00403163 -0.0116772 0.00751555 0.00276453 -0.0113024 0.00701555 0.00403163 -0.0116772 0.00701555 0.00276453 -0.0119094 0.00751555 0.00146976 -0.0119094 0.00701555 0.00146976 -0.0119989 0.00751555 0.000153427 -0.0119431 0.00751555 -0.00116678 -0.0119989 0.00701555 0.000153427 -0.0119431 0.00701555 -0.00116678 -0.0117434 0.00751555 -0.00246695 -0.0117434 0.00701555 -0.00246695 -0.0114017 0.00751555 -0.00374132 -0.0109214 0.00751555 -0.00497229 -0.0114017 0.00701555 -0.00374132 -0.0109214 0.00701555 -0.00497229 -0.0103113 0.00751555 -0.00613768 -0.0103113 0.00701555 -0.00613768 -0.00957526 0.00751555 -0.00723268 -0.00872207 0.00751555 -0.0082417 -0.00957526 0.00701555 -0.00723268 -0.00872207 0.00701555 -0.0082417 -0.0093872 0.00701555 0.00747515 -0.0093872 0.00751555 0.00747515 -0.0085097 0.00701555 0.00846041 -0.0085097 0.00751555 0.00846041 -0.0075327 0.00701555 0.00934122 -0.00645992 0.00701555 0.0101127 -0.0075327 0.00751555 0.00934122 -0.00645992 0.00751555 0.0101127 -0.00531059 0.00701555 0.0107606 -0.00531059 0.00751555 0.0107606 -0.00410097 0.00701555 0.0112775 -0.00283614 0.00701555 0.0116599 -0.00410097 0.00751555 0.0112775 -0.00283614 0.00751555 0.0116599 -0.00153891 0.00701555 0.0119006 -0.00153891 0.00751555 0.0119006 -0.000227082 0.00701555 0.0119979 0.00109343 0.00701555 0.01195 -0.000227082 0.00751555 0.0119979 0.00109343 0.00751555 0.01195 0.00239289 0.00701555 0.0117589 0.00239289 0.00751555 0.0117589 0.00367129 0.00701555 0.0114246 0.00367129 0.00751555 0.0114246 -0.00882296 0.00701555 -0.0079387 -0.00872207 0.00751555 -0.0082417 -0.00872207 0.00701555 -0.0082417 -0.00880434 0.00701555 -0.0069901 -0.0088647 0.00751555 -0.0073037 -0.0088647 0.00701555 -0.0073037 -0.00887096 0.00701555 -0.00762298 -0.00887096 0.00751555 -0.00762298 -0.00882296 0.00751555 -0.0079387 -0.00852986 0.00751555 -0.00641596 -0.00852986 0.00701555 -0.00641596 -0.00832371 0.00701555 -0.00617206 -0.00880434 0.00751555 -0.0069901 -0.00869164 0.00701555 -0.0066913 -0.00869164 0.00751555 -0.0066913 -0.0078033 0.00701555 -0.0058058 -0.00750414 0.00701555 -0.00569405 -0.0078033 0.00751555 -0.0058058 -0.00807916 0.00701555 -0.00596669 -0.00807916 0.00751555 -0.00596669 -0.00832371 0.00751555 -0.00617206 -0.00655549 0.00701555 -0.00567845 -0.00687105 0.00751555 -0.00562944 -0.00687105 0.00701555 -0.00562944 -0.00719036 0.00751555 -0.00563469 -0.00750414 0.00751555 -0.00569405 -0.00719036 0.00701555 -0.00563469 -0.00597182 0.00751555 -0.00593205 -0.00597182 0.00701555 -0.00593205 -0.00572065 0.00701555 -0.00612927 -0.00655549 0.00751555 -0.00567845 -0.00625282 0.00701555 -0.00578031 -0.00625282 0.00751555 -0.00578031 -0.00533586 0.00701555 -0.00663614 -0.0052134 0.00701555 -0.00693107 -0.00533586 0.00751555 -0.00663614 -0.0055066 0.00701555 -0.00636626 -0.0055066 0.00751555 -0.00636626 -0.00572065 0.00751555 -0.00612927 -0.00516361 0.00701555 -0.00787855 -0.00512601 0.00751555 -0.00756142 -0.00512601 0.00701555 -0.00756142 -0.00514276 0.00751555 -0.00724251 -0.0052134 0.00751555 -0.00693107 -0.00514276 0.00701555 -0.00724251 -0.005396 0.00751555 -0.00847098 -0.005396 0.00701555 -0.00847098 -0.00558404 0.00701555 -0.00872909 -0.00516361 0.00751555 -0.00787855 -0.00525449 0.00701555 -0.00818469 -0.00525449 0.00751555 -0.00818469 -0.00581315 0.00701555 -0.00895156 -0.00558404 0.00751555 -0.00872909 -0.0060767 0.00701555 -0.00913191 -0.00581315 0.00751555 -0.00895156 -0.0060767 0.00751555 -0.00913191 -0.00636702 0.00701555 -0.00926493 -0.00667572 0.00701555 -0.00934674 -0.00636702 0.00751555 -0.00926493 -0.00699381 0.00701555 -0.00937499 -0.00667572 0.00751555 -0.00934674 -0.00699381 0.00751555 -0.00937499 -0.00731209 0.00701555 -0.00934884 -0.00762131 0.00701555 -0.00926907 -0.00731209 0.00751555 -0.00934884 -0.00762131 0.00751555 -0.00926907 0.00618402 0.00701555 -0.0102837 0.00618402 0.00751555 -0.0102837 0.0049974 0.00701555 -0.0109096 0.00729501 0.00751555 -0.009528 0.00729501 0.00701555 -0.009528 0.00830976 0.00701555 -0.00865684 0.00830976 0.00751555 -0.00865684 0.00922427 0.00701555 -0.00767529 0.00922427 0.00751555 -0.00767529 0.0100246 0.00751555 -0.00659599 0.0100246 0.00701555 -0.00659599 0.0106961 0.00701555 -0.00543938 0.0106961 0.00751555 -0.00543938 0.0112366 0.00701555 -0.00421151 0.0112366 0.00751555 -0.00421151 0.0116371 0.00751555 -0.00292893 0.0116371 0.00701555 -0.00292893 0.0118904 0.00701555 -0.00161575 0.0118904 0.00751555 -0.00161575 0.0119967 0.00701555 -0.000278408 0.0119967 0.00751555 -0.000278408 0.0119527 0.00751555 0.00106454 0.0119527 0.00701555 0.00106454 0.0049974 0.00751555 -0.0109096 0.00375245 0.00751555 -0.0113982 0.00375245 0.00701555 -0.0113982 0.00245462 0.00701555 -0.0117462 0.00245462 0.00751555 -0.0117462 0.00112813 0.00751555 -0.0119466 0.00112813 0.00701555 -0.0119466 -0.000208278 0.00751555 -0.0119982 -0.000208278 0.00701555 -0.0119982 -0.00154832 0.00701555 -0.0118996 -0.00154832 0.00751555 -0.0118996 -0.00286687 0.00751555 -0.0116522 -0.00286687 0.00701555 -0.0116522 -0.0041458 0.00751555 -0.0112611 -0.0041458 0.00701555 -0.0112611 -0.00537871 0.00701555 -0.0107269 -0.00537871 0.00751555 -0.0107269 -0.00653722 0.00751555 -0.0100629 -0.00653722 0.00701555 -0.0100629 -0.00762131 0.00701555 -0.00926907 -0.00762131 0.00751555 -0.00926907 0.0117283 0.00701555 0.000833366 0.0119527 0.00751555 0.00106454 0.0119527 0.00701555 0.00106454 0.0108693 0.00701555 0.000411724 0.0111785 0.00751555 0.000502069 0.0111785 0.00701555 0.000502069 0.0114677 0.00701555 0.000644013 0.0114677 0.00751555 0.000644013 0.0117283 0.00751555 0.000833366 0.0102276 0.00751555 0.000394896 0.0102276 0.00701555 0.000394896 0.00991404 0.00701555 0.00046891 0.0108693 0.00751555 0.000411724 0.0105492 0.00701555 0.000375644 0.0105492 0.00751555 0.000375644 0.00934761 0.00701555 0.000770935 0.00911144 0.00701555 0.00099003 0.00934761 0.00751555 0.000770935 0.00961781 0.00701555 0.000595503 0.00961781 0.00751555 0.000595503 0.00991404 0.00751555 0.00046891 0.00867052 0.00701555 0.00183934 0.00876782 0.00751555 0.00153224 0.00876782 0.00701555 0.00153224 0.00891625 0.00751555 0.00124632 0.00911144 0.00751555 0.00099003 0.00891625 0.00701555 0.00124632 0.00862723 0.00701555 0.00215857 0.00867052 0.00751555 0.00183934 0.00862723 0.00751555 0.00215857 0.00863922 0.00701555 0.0024805 0.00870614 0.00701555 0.00279562 0.00863922 0.00751555 0.0024805 0.00870614 0.00751555 0.00279562 0.00383512 0.00701555 0.00249297 -0.0052134 0.00701555 -0.00693107 -0.00533586 0.00701555 -0.00663614 0.00239289 0.00701555 0.0117589 0.0023294 0.00701555 0.0103951 0.00109343 0.00701555 0.01195 -0.000227082 0.00701555 0.0119979 0.00180807 0.00701555 0.00972538 0.00140751 0.00701555 0.00897713 -0.00872207 0.00701555 -0.0082417 -0.00957526 0.00701555 -0.00723268 -0.00882296 0.00701555 -0.0079387 -0.00655549 0.00701555 -0.00567845 0.0014831 0.00701555 0.00485579 0.00191083 0.00701555 0.00412273 -0.0109214 0.00701555 -0.00497229 -0.00807916 0.00701555 -0.00596669 -0.00832371 0.00701555 -0.00617206 -0.0103113 0.00701555 -0.00613768 -0.00869164 0.00701555 -0.0066913 -0.0113024 0.00701555 0.00403163 -0.0107913 0.00701555 0.005248 -0.0119989 0.00701555 0.000153427 -0.0119094 0.00701555 0.00146976 -0.00687105 0.00701555 -0.00562944 -0.0101523 0.00701555 0.00639778 0.00118552 0.00701555 0.00565063 -0.0075327 0.00701555 0.00934122 0.00102666 0.00701555 0.00648435 -0.0093872 0.00701555 0.00747515 -0.00410097 0.00701555 0.0112775 0.0010111 0.00701555 0.00733293 -0.00531059 0.00701555 0.0107606 -0.00645992 0.00701555 0.0101127 0.00113928 0.00701555 0.00817191 -0.00283614 0.00701555 0.0116599 -0.00153891 0.00701555 0.0119006 0.00367129 0.00701555 0.0114246 0.0029565 0.00701555 0.010967 0.00714963 0.00701555 0.00213396 0.00876782 0.00701555 0.00153224 0.00891625 0.00701555 0.00124632 -0.0085097 0.00701555 0.00846041 -0.0116772 0.00701555 0.00276453 -0.0114017 0.00701555 -0.00374132 -0.0117434 0.00701555 -0.00246695 -0.00750414 0.00701555 -0.00569405 -0.00719036 0.00701555 -0.00563469 -0.0119431 0.00701555 -0.00116678 -0.00852986 0.00701555 -0.00641596 -0.0078033 0.00701555 -0.0058058 -0.0088647 0.00701555 -0.0073037 -0.00880434 0.00701555 -0.0069901 -0.00887096 0.00701555 -0.00762298 -0.00572065 0.00701555 -0.00612927 0.00310403 0.00701555 0.00292405 -0.0055066 0.00701555 -0.00636626 -0.00597182 0.00701555 -0.00593205 0.00245638 0.00701555 0.00347257 -0.00286687 0.00701555 -0.0116522 -0.00525449 0.00701555 -0.00818469 -0.00516361 0.00701555 -0.00787855 -0.00512601 0.00701555 -0.00756142 -0.000208278 0.00701555 -0.0119982 -0.00154832 0.00701555 -0.0118996 -0.00625282 0.00701555 -0.00578031 0.00375245 0.00701555 -0.0113982 0.00245462 0.00701555 -0.0117462 -0.00514276 0.00701555 -0.00724251 -0.00636702 0.00701555 -0.00926493 -0.0060767 0.00701555 -0.00913191 -0.00653722 0.00701555 -0.0100629 -0.0041458 0.00701555 -0.0112611 -0.005396 0.00701555 -0.00847098 0.00112813 0.00701555 -0.0119466 -0.00558404 0.00701555 -0.00872909 -0.00537871 0.00701555 -0.0107269 -0.00581315 0.00701555 -0.00895156 -0.00667572 0.00701555 -0.00934674 -0.00699381 0.00701555 -0.00937499 -0.00731209 0.00701555 -0.00934884 -0.00762131 0.00701555 -0.00926907 0.0049974 0.00701555 -0.0109096 0.00462859 0.00701555 0.00219175 0.00618402 0.00701555 -0.0102837 0.00729501 0.00701555 -0.009528 0.00830976 0.00701555 -0.00865684 0.00546157 0.00701555 0.00202908 0.00922427 0.00701555 -0.00767529 0.0106961 0.00701555 -0.00543938 0.0100246 0.00701555 -0.00659599 0.0112366 0.00701555 -0.00421151 0.00961781 0.00701555 0.000595503 0.0116371 0.00701555 -0.00292893 0.00631006 0.00701555 0.00200962 0.00991404 0.00701555 0.00046891 0.0102276 0.00701555 0.000394896 0.0118904 0.00701555 -0.00161575 0.0111785 0.00701555 0.000502069 0.0119967 0.00701555 -0.000278408 0.0108693 0.00701555 0.000411724 0.0114677 0.00701555 0.000644013 0.0117283 0.00701555 0.000833366 0.0119527 0.00701555 0.00106454 0.00911144 0.00701555 0.00099003 0.00934761 0.00701555 0.000770935 0.0105492 0.00701555 0.000375644 0.00795607 0.00701555 0.0023985 0.00867052 0.00701555 0.00183934 0.00863922 0.00701555 0.0024805 0.00862723 0.00701555 0.00215857 0.00870614 0.00701555 0.00279562 0.00631006 0.00751555 0.00200962 0.0106961 0.00751555 -0.00543938 0.00934761 0.00751555 0.000770935 -0.00572065 0.00751555 -0.00612927 0.00310403 0.00751555 0.00292405 0.00245638 0.00751555 0.00347257 -0.0055066 0.00751555 -0.00636626 0.00191083 0.00751555 0.00412273 0.0014831 0.00751555 0.00485579 -0.00655549 0.00751555 -0.00567845 -0.00597182 0.00751555 -0.00593205 -0.00687105 0.00751555 -0.00562944 -0.0119431 0.00751555 -0.00116678 -0.00719036 0.00751555 -0.00563469 -0.0116772 0.00751555 0.00276453 -0.0119094 0.00751555 0.00146976 -0.00832371 0.00751555 -0.00617206 -0.00807916 0.00751555 -0.00596669 -0.0109214 0.00751555 -0.00497229 -0.0114017 0.00751555 -0.00374132 -0.0078033 0.00751555 -0.0058058 -0.00750414 0.00751555 -0.00569405 -0.00880434 0.00751555 -0.0069901 -0.00869164 0.00751555 -0.0066913 -0.00957526 0.00751555 -0.00723268 -0.00887096 0.00751555 -0.00762298 -0.00882296 0.00751555 -0.0079387 -0.0088647 0.00751555 -0.0073037 -0.00872207 0.00751555 -0.0082417 -0.0103113 0.00751555 -0.00613768 -0.00852986 0.00751555 -0.00641596 -0.0117434 0.00751555 -0.00246695 -0.0119989 0.00751555 0.000153427 0.00383512 0.00751555 0.00249297 0.0049974 0.00751555 -0.0109096 0.00462859 0.00751555 0.00219175 -0.00533586 0.00751555 -0.00663614 -0.0052134 0.00751555 -0.00693107 0.00714963 0.00751555 0.00213396 0.00876782 0.00751555 0.00153224 0.00867052 0.00751555 0.00183934 -0.00625282 0.00751555 -0.00578031 0.00618402 0.00751555 -0.0102837 0.00375245 0.00751555 -0.0113982 0.00830976 0.00751555 -0.00865684 0.00922427 0.00751555 -0.00767529 0.00546157 0.00751555 0.00202908 0.00795607 0.00751555 0.0023985 -0.0060767 0.00751555 -0.00913191 -0.00636702 0.00751555 -0.00926493 -0.00653722 0.00751555 -0.0100629 0.00891625 0.00751555 0.00124632 0.0105492 0.00751555 0.000375644 0.0118904 0.00751555 -0.00161575 0.0108693 0.00751555 0.000411724 -0.00154832 0.00751555 -0.0118996 -0.000208278 0.00751555 -0.0119982 -0.00512601 0.00751555 -0.00756142 0.00112813 0.00751555 -0.0119466 -0.00514276 0.00751555 -0.00724251 -0.00525449 0.00751555 -0.00818469 -0.00286687 0.00751555 -0.0116522 -0.00516361 0.00751555 -0.00787855 -0.0041458 0.00751555 -0.0112611 -0.005396 0.00751555 -0.00847098 -0.00558404 0.00751555 -0.00872909 -0.00581315 0.00751555 -0.00895156 -0.00537871 0.00751555 -0.0107269 -0.00667572 0.00751555 -0.00934674 -0.00699381 0.00751555 -0.00937499 -0.00731209 0.00751555 -0.00934884 -0.00762131 0.00751555 -0.00926907 0.00245462 0.00751555 -0.0117462 0.00729501 0.00751555 -0.009528 0.0112366 0.00751555 -0.00421151 0.00961781 0.00751555 0.000595503 0.0100246 0.00751555 -0.00659599 0.00991404 0.00751555 0.00046891 0.0116371 0.00751555 -0.00292893 0.0119967 0.00751555 -0.000278408 0.0111785 0.00751555 0.000502069 0.0102276 0.00751555 0.000394896 0.0114677 0.00751555 0.000644013 0.0117283 0.00751555 0.000833366 0.0010111 0.00751555 0.00733293 0.00113928 0.00751555 0.00817191 -0.00283614 0.00751555 0.0116599 0.00911144 0.00751555 0.00099003 0.0119527 0.00751555 0.00106454 -0.00531059 0.00751555 0.0107606 -0.00645992 0.00751555 0.0101127 0.00102666 0.00751555 0.00648435 0.00863922 0.00751555 0.0024805 0.00870614 0.00751555 0.00279562 -0.0075327 0.00751555 0.00934122 -0.0085097 0.00751555 0.00846041 0.00118552 0.00751555 0.00565063 0.00862723 0.00751555 0.00215857 -0.00410097 0.00751555 0.0112775 0.00109343 0.00751555 0.01195 0.00180807 0.00751555 0.00972538 0.0023294 0.00751555 0.0103951 -0.00153891 0.00751555 0.0119006 0.00140751 0.00751555 0.00897713 -0.000227082 0.00751555 0.0119979 -0.0101523 0.00751555 0.00639778 -0.0093872 0.00751555 0.00747515 -0.0113024 0.00751555 0.00403163 -0.0107913 0.00751555 0.005248 0.0029565 0.00751555 0.010967 0.00239289 0.00751555 0.0117589 0.00367129 0.00751555 0.0114246</float_array>
          <technique_common>
            <accessor count="458" source="#ID46" stride="3">
              <param name="X" type="float"/>
              <param name="Y" type="float"/>
              <param name="Z" type="float"/>
            </accessor>
          </technique_common>
        </source>
        <source id="ID47">
          <float_array count="1374" id="ID48">-0.391213 0 0.9203 -0.541229 0 0.840875 -0.541229 0 0.840875 0.107686 0 0.994185 -0.0620129 0 0.998075 -0.0620129 0 0.998075 -0.229925 0 0.973208 -0.229925 0 0.973208 -0.391213 0 0.9203 0.432977 0 0.901405 0.432977 0 0.901405 0.579195 0 0.815189 0.107686 0 0.994185 0.274283 0 0.961649 0.274283 0 0.961649 0.817834 0 0.575454 0.903379 0 0.428842 0.817834 0 0.575454 0.708725 0 0.705485 0.708725 0 0.705485 0.579195 0 0.815189 0.997781 0 -0.066585 0.994668 0 0.10313 0.994668 0 0.10313 0.962896 0 0.269874 0.903379 0 0.428842 0.962896 0 0.269874 0.918498 0 -0.395426 0.972145 0 -0.234382 0.918498 0 -0.395426 0.997781 0 -0.066585 0.972145 0 -0.234382 0.838387 0 -0.545076 0.838387 0 -0.545076 0.734119 0 -0.67902 0.734119 0 -0.67902 0.608699 0 -0.793401 0.608699 0 -0.793401 0.465741 0 -0.884921 0.465741 0 -0.884921 -0.846022 0 0.533148 -0.846022 0 0.533148 -0.899415 0 0.437096 -0.899415 0 0.437096 -0.941946 0 0.335764 -0.973101 0 0.230378 -0.941946 0 0.335764 -0.973101 0 0.230378 -0.992504 0 0.122209 -0.992504 0 0.122209 -0.999921 0 0.0125647 -0.995262 0 -0.0972317 -0.999921 0 0.0125647 -0.995262 0 -0.0972317 -0.978583 0 -0.205854 -0.978583 0 -0.205854 -0.950086 0 -0.31199 -0.910114 0 -0.414358 -0.950086 0 -0.31199 -0.910114 0 -0.414358 -0.859151 0 -0.511722 -0.859151 0 -0.511722 -0.797813 0 -0.602905 -0.726839 0 -0.686808 -0.797813 0 -0.602905 -0.726839 0 -0.686808 -0.782411 0 0.622762 -0.782411 0 0.622762 -0.709352 0 0.704855 -0.709352 0 0.704855 -0.627725 0 0.778435 -0.538518 0 0.842614 -0.627725 0 0.778435 -0.538518 0 0.842614 -0.442807 0 0.896617 -0.442807 0 0.896617 -0.341748 0 0.939792 -0.236562 0 0.971617 -0.341748 0 0.939792 -0.236562 0 0.971617 -0.128519 0 0.991707 -0.128519 0 0.991707 -0.0189235 0 0.999821 0.0909002 0 0.99586 -0.0189235 0 0.999821 0.0909002 0 0.99586 0.199626 0 0.979872 0.199626 0 0.979872 0.305941 0 0.95205 0.305941 0 0.95205 0.972243 0 0.233975 0.918435 0 0.395572 0.918435 0 0.395572 0.962313 0 -0.271945 0.994504 0 -0.104695 0.994504 0 -0.104695 0.997847 0 0.0655911 0.997847 0 0.0655911 0.972243 0 0.233975 0.815927 0 -0.578155 0.815927 0 -0.578155 0.705979 0 -0.708233 0.962313 0 -0.271945 0.902206 0 -0.431306 0.902206 0 -0.431306 0.428428 0 -0.903576 0.268877 0 -0.963175 0.428428 0 -0.903576 0.575552 0 -0.817765 0.575552 0 -0.817765 0.705979 0 -0.708233 -0.237072 -0 -0.971492 -0.0687707 -0 -0.997633 -0.068771 -0 -0.997633 0.101526 0 -0.994833 0.268877 0 -0.963175 0.101526 0 -0.994833 -0.548361 -0 -0.836242 -0.548361 -0 -0.836242 -0.682318 -0 -0.731055 -0.237072 -0 -0.971492 -0.398497 -0 -0.91717 -0.398497 -0 -0.91717 -0.887541 -0 -0.460728 -0.952854 -0 -0.303429 -0.887541 -0 -0.460728 -0.796482 -0 -0.604662 -0.796482 -0 -0.604662 -0.682318 -0 -0.731055 -0.979408 0 0.201891 -0.999463 0 0.0327569 -0.999463 0 0.0327569 -0.990526 -0 -0.137328 -0.952854 -0 -0.303429 -0.990526 -0 -0.137328 -0.855469 0 0.517854 -0.855469 0 0.517854 -0.755181 0 0.655517 -0.979408 0 0.201891 -0.930941 0 0.365169 -0.930941 0 0.365169 -0.632986 0 0.774163 -0.755181 0 0.655517 -0.492429 0 0.870353 -0.632985 0 0.774164 -0.492429 0 0.870353 -0.337587 0 0.941294 -0.172952 0 0.98493 -0.337587 0 0.941294 -0.00329982 0 0.999995 -0.172952 0 0.98493 -0.00329982 0 0.999995 0.166448 0 0.98605 0.331367 0 0.943502 0.166448 0 0.98605 0.331367 0 0.943502 0.515539 0 -0.856866 0.515539 0 -0.856866 0.416723 0 -0.909033 0.607918 0 -0.794 0.607918 0 -0.794 0.692706 0 -0.72122 0.692706 0 -0.72122 0.768845 0 -0.639435 0.768845 0 -0.639435 0.835384 0 -0.549666 0.835384 0 -0.549666 0.891493 0 -0.453034 0.891493 0 -0.453034 0.936471 0 -0.350745 0.936471 0 -0.350745 0.969756 0 -0.244077 0.969756 0 -0.244077 0.990932 0 -0.134362 0.990932 0 -0.134362 0.999736 0 -0.0229685 0.999736 0 -0.0229685 0.996057 0 0.0887115 0.996057 0 0.0887115 0.416723 0 -0.909033 0.312704 0 -0.94985 0.312704 0 -0.94985 0.204781 0 -0.978808 0.204781 0 -0.978808 0.0943011 0 -0.995544 0.0943011 0 -0.995544 -0.0173565 0 -0.999849 -0.0173565 0 -0.999849 -0.128798 0 -0.991671 -0.128797 0 -0.991671 -0.23863 0 -0.971111 -0.23863 0 -0.971111 -0.345483 0 -0.938425 -0.345483 0 -0.938425 -0.448023 0 -0.894022 -0.448023 0 -0.894022 -0.544969 0 -0.838456 -0.544968 0 -0.838457 -0.63511 0 -0.772422 -0.635109 0 -0.772422 -0.655104 0 0.755538 -0.774767 0 0.632247 -0.774767 0 0.632247 -0.196947 0 0.980414 -0.361866 0 0.93223 -0.361866 0 0.93223 -0.516103 0 0.856526 -0.516103 0 0.856526 -0.655104 0 0.755538 0.145292 0 0.989389 0.145292 0 0.989389 0.31251 0 0.949914 -0.196947 0 0.980414 -0.0262145 0 0.999656 -0.0262145 0 0.999656 0.614606 0 0.788835 0.740566 0 0.671984 0.614606 0 0.788835 0.470503 0 0.882399 0.470503 0 0.882399 0.31251 0 0.949914 0.975721 0 0.219017 0.923828 0 0.382807 0.923828 0 0.382807 0.844664 0 0.535296 0.740566 0 0.671984 0.844664 0 0.535296 0.99881 0 0.0487614 0.975721 0 0.219017 0.99881 0 0.0487614 0.992415 0 -0.122933 0.956723 0 -0.290999 0.992415 0 -0.122933 0.956723 0 -0.290999 0 -1 0 0 -1 0 0 -1 0 0 -1 0 0 -1 0 0 -1 0 0 -1 0 0 -1 0 0 -1 0 0 -1 0 0 -1 0 0 -1 0 0 -1 0 0 -1 0 0 -1 0 0 -1 0 0 -1 0 0 -1 0 0 -1 0 0 -1 0 0 -1 0 0 -1 0 0 -1 0 0 -1 0 0 -1 0 0 -1 0 0 -1 0 0 -1 0 0 -1 0 0 -1 0 0 -1 0 0 -1 0 0 -1 0 0 -1 0 0 -1 0 0 -1 0 0 -1 0 0 -1 0 0 -1 0 0 -1 0 0 -1 0 0 -1 0 0 -1 0 0 -1 0 0 -1 0 0 -1 0 0 -1 0 0 -1 0 0 -1 0 0 -1 0 0 -1 0 0 -1 0 0 -1 0 0 -1 0 0 -1 0 0 -1 0 0 -1 0 0 -1 0 0 -1 0 0 -1 0 0 -1 0 0 -1 0 0 -1 0 0 -1 0 0 -1 0 0 -1 0 0 -1 0 0 -1 0 0 -1 0 0 -1 0 0 -1 0 0 -1 0 0 -1 0 0 -1 0 0 -1 0 0 -1 0 0 -1 0 0 -1 0 0 -1 0 0 -1 0 0 -1 0 0 -1 0 0 -1 0 0 -1 0 0 -1 0 0 -1 0 0 -1 0 0 -1 0 0 -1 0 0 -1 0 0 -1 0 0 -1 0 0 -1 0 0 -1 0 0 -1 0 0 -1 0 0 -1 0 0 -1 0 0 -1 0 0 -1 0 0 -1 0 0 -1 0 0 -1 0 0 -1 0 0 -1 0 0 -1 0 0 -1 0 0 -1 0 0 -1 0 0 -1 0 0 -1 0 0 -1 0 0 1 0 0 1 0 0 1 0 0 1 0 0 1 0 0 1 0 0 1 0 0 1 0 0 1 0 0 1 0 0 1 0 0 1 0 0 1 0 0 1 0 0 1 0 0 1 0 0 1 0 0 1 0 0 1 0 0 1 0 0 1 0 0 1 0 0 1 0 0 1 0 0 1 0 0 1 0 0 1 0 0 1 0 0 1 0 0 1 0 0 1 0 0 1 0 0 1 0 0 1 0 0 1 0 0 1 0 0 1 0 0 1 0 0 1 0 0 1 0 0 1 0 0 1 0 0 1 0 0 1 0 0 1 0 0 1 0 0 1 0 0 1 0 0 1 0 0 1 0 0 1 0 0 1 0 0 1 0 0 1 0 0 1 0 0 1 0 0 1 0 0 1 0 0 1 0 0 1 0 0 1 0 0 1 0 0 1 0 0 1 0 0 1 0 0 1 0 0 1 0 0 1 0 0 1 0 0 1 0 0 1 0 0 1 0 0 1 0 0 1 0 0 1 0 0 1 0 0 1 0 0 1 0 0 1 0 0 1 0 0 1 0 0 1 0 0 1 0 0 1 0 0 1 0 0 1 0 0 1 0 0 1 0 0 1 0 0 1 0 0 1 0 0 1 0 0 1 0 0 1 0 0 1 0 0 1 0 0 1 0 0 1 0 0 1 0 0 1 0 0 1 0 0 1 0 0 1 0 0 1 0 0 1 0 0 1 0 0 1 0 0 1 0 0 1 0 0 1 0 0 1 0 0 1 0</float_array>
          <technique_common>
            <accessor count="458" source="#ID48" stride="3">
              <param name="X" type="float"/>
              <param name="Y" type="float"/>
              <param name="Z" type="float"/>
            </accessor>
          </technique_common>
        </source>
        <vertices id="ID49">
          <input semantic="POSITION" source="#ID45"/>
          <input semantic="NORMAL" source="#ID47"/>
        </vertices>
        <triangles count="444" material="ID18">
          <input offset="0" semantic="VERTEX" source="#ID49"/>
          <p>0 2 1 3 5 4 6 8 7 9 11 10 12 14 13 15 17 16 18 20 19 21 23 22 24 26 25 27 29 28 30 28 31 32 27 33 27 32 29 33 35 34 34 32 33 36 37 35 34 35 37 38 36 39 36 38 37 21 30 31 28 29 31 22 23 24 30 21 22 26 16 25 23 26 24 15 19 17 16 17 25 11 20 18 18 19 15 14 9 10 9 20 11 12 13 3 14 10 13 4 5 7 12 3 4 6 0 8 5 6 7 1 8 0 40 42 41 43 42 44 42 43 41 45 46 44 43 44 46 45 48 47 47 46 45 49 48 50 48 49 47 51 52 50 49 50 52 51 54 53 53 52 51 55 54 56 54 55 53 57 58 56 55 56 58 57 60 59 59 58 57 61 60 62 60 61 59 63 64 62 61 62 64 65 64 63 66 40 41 66 68 67 67 40 66 69 68 70 68 69 67 71 72 70 69 70 72 71 74 73 73 72 71 75 74 76 74 75 73 77 78 76 75 76 78 77 80 79 79 78 77 81 80 82 80 81 79 83 84 82 81 82 84 83 86 85 85 84 83 87 86 88 86 87 85 87 88 89 90 92 91 93 95 94 96 98 97 99 101 100 102 104 103 105 107 106 108 110 109 111 113 112 114 116 115 117 119 118 120 122 121 123 125 124 126 128 127 129 131 130 132 134 133 135 137 136 138 140 139 141 137 142 135 142 137 141 144 143 144 141 142 145 146 143 143 144 145 147 146 148 145 148 146 147 150 149 150 147 148 151 152 149 149 150 151 153 152 154 151 154 152 155 153 154 139 140 136 140 135 136 138 129 130 138 139 129 131 134 132 130 131 132 124 125 133 134 124 133 126 127 123 123 127 125 117 128 119 119 128 126 122 118 121 122 117 118 120 111 112 120 121 111 113 116 114 112 113 114 106 107 115 116 106 115 108 109 105 105 109 107 99 110 101 101 110 108 104 100 103 104 99 100 102 93 94 102 103 93 95 96 97 94 95 97 90 91 98 96 90 98 156 158 157 159 160 156 156 157 159 160 162 161 162 160 159 163 161 164 162 164 161 165 166 163 163 164 165 166 168 167 168 166 165 169 167 170 168 170 167 171 172 169 169 170 171 172 174 173 174 172 171 175 173 176 174 176 173 177 178 175 175 176 177 157 158 179 180 179 181 158 181 179 182 183 180 180 181 182 183 185 184 185 183 182 186 184 187 185 187 184 188 189 186 186 187 188 189 191 190 191 189 188 192 190 193 191 193 190 194 195 192 192 193 194 195 197 196 197 195 194 197 198 196 196 198 199 200 202 201 203 205 204 206 208 207 209 211 210 212 214 213 215 217 216 218 220 219 221 223 222 224 226 225 221 228 227 228 221 222 229 230 227 227 228 229 231 230 232 229 232 230 233 231 232 226 224 223 222 223 224 216 217 225 226 216 225 218 219 215 215 219 217 209 220 211 211 220 218 214 210 213 214 209 210 212 203 204 212 213 203 205 206 207 204 205 207 200 201 208 206 200 208 234 236 235 237 239 238 240 242 241 243 245 244 246 248 247 249 251 250 244 253 252 247 255 254 256 258 257 259 247 260 261 260 262 260 263 259 264 266 265 267 262 266 268 270 269 269 265 268 240 270 242 239 241 238 237 272 271 272 237 238 273 275 274 242 270 268 239 240 241 265 266 262 264 265 269 261 276 260 261 262 267 247 259 255 276 263 260 247 254 277 278 280 279 258 282 281 251 252 283 284 278 249 285 286 244 253 283 252 282 258 256 244 245 287 246 247 277 257 246 277 288 290 289 291 292 248 293 295 294 296 298 297 296 295 298 248 246 299 287 285 244 253 244 286 279 281 282 249 252 251 249 250 284 278 284 280 280 281 279 246 257 258 288 292 291 291 248 299 290 234 289 288 289 292 300 235 301 290 236 234 297 302 296 303 305 304 298 295 293 293 294 306 306 294 307 297 308 302 309 306 307 310 309 311 306 309 310 308 301 302 310 311 304 304 305 310 312 313 305 312 305 303 314 305 313 235 302 301 314 315 305 316 234 300 300 234 235 316 318 317 317 234 316 319 320 317 319 317 318 321 320 322 320 321 317 321 324 323 322 324 321 325 327 326 321 323 328 327 330 329 331 330 327 332 334 333 331 333 334 335 332 333 335 333 336 333 337 336 338 328 339 334 340 331 339 328 323 340 330 331 326 339 325 329 326 327 325 339 323 328 275 273 338 275 328 341 273 342 274 342 273 343 341 344 341 342 344 345 341 343 346 348 347 349 351 350 352 349 350 353 355 354 353 351 356 357 359 358 355 361 360 362 364 363 365 367 366 368 370 369 371 372 370 373 371 370 370 368 373 374 370 372 375 376 369 370 375 369 366 363 364 364 362 375 367 377 359 367 365 377 378 361 357 357 358 378 379 381 380 379 383 382 384 386 385 352 379 382 362 376 375 364 365 366 359 377 358 355 357 361 387 353 356 355 360 354 380 381 388 383 379 389 390 392 391 384 393 386 394 396 395 346 384 397 392 346 347 397 384 385 398 400 399 401 403 402 404 402 405 406 408 407 401 407 408 407 409 406 409 410 406 411 413 412 411 410 409 394 413 396 394 412 413 414 396 415 414 395 396 416 415 396 413 411 409 416 396 417 403 401 408 405 418 404 403 405 402 418 383 389 383 418 405 419 381 390 388 381 419 420 348 421 347 422 392 423 424 421 424 420 421 400 426 425 427 399 424 428 429 425 428 425 426 348 420 347 430 432 431 433 348 346 400 425 399 425 429 434 399 427 398 427 424 423 435 437 436 397 433 346 393 439 438 440 442 441 443 393 438 391 392 422 392 390 381 386 393 443 442 440 437 444 430 435 445 447 446 448 450 449 451 452 442 380 389 379 451 442 354 453 454 354 387 355 353 352 350 379 349 356 351 360 453 354 451 354 454 441 442 452 436 437 440 430 437 435 430 444 432 431 448 449 431 432 448 450 445 446 449 450 446 455 447 456 445 456 447 457 455 456</p>
        </triangles>
      </mesh>
    </geometry>
    <geometry id="ID51">
      <mesh>
        <source id="ID52">
          <float_array count="642" id="ID53">-0.0126434 0.00701555 -0.00232 -0.0119483 0.00751555 -0.00111251 -0.0119483 0.00701555 -0.00111251 -0.0134867 0.00701555 -0.00645792 -0.0134409 0.00751555 -0.00502299 -0.0134409 0.00701555 -0.00502299 -0.0131518 0.00701555 -0.00363234 -0.0131518 0.00751555 -0.00363234 -0.0126434 0.00751555 -0.00232 -0.0128151 0.00751555 -0.0093021 -0.0128151 0.00701555 -0.0093021 -0.0121162 0.00701555 -0.0106313 -0.0134867 0.00751555 -0.00645792 -0.0132774 0.00701555 -0.00789796 -0.0132774 0.00751555 -0.00789796 -0.0112095 0.00751555 -0.0118519 -0.0112095 0.00701555 -0.0118519 -0.010133 0.00701555 -0.0129385 -0.0121162 0.00751555 -0.0106313 -0.00892941 0.00701555 -0.013875 -0.010133 0.00751555 -0.0129385 -0.00892941 0.00751555 -0.013875 -0.00537763 0.00701555 -0.0155991 -0.00537763 0.00751555 -0.0155991 -0.00720527 0.00701555 -0.0148437 -0.00347273 0.00751555 -0.0161304 -0.00347273 0.00701555 -0.0161304 -0.00720527 0.00751555 -0.0148437 -0.00892941 0.00701555 -0.013875 -0.00892941 0.00751555 -0.013875 -0.00818662 0.00751555 -0.0135876 -0.00794002 0.00751555 -0.0138899 -0.00794002 0.00701555 -0.0138899 -0.00818662 0.00701555 -0.0135876 -0.00839944 0.00751555 -0.0132604 -0.00839944 0.00701555 -0.0132604 -0.00856921 0.00751555 -0.0129092 -0.00868655 0.00751555 -0.0125377 -0.00856921 0.00701555 -0.0129092 -0.00868655 0.00701555 -0.0125377 -0.00874452 0.00751555 -0.0121523 -0.00874452 0.00701555 -0.0121523 -0.00873785 0.00751555 -0.011762 -0.00866635 0.00751555 -0.0113779 -0.00873785 0.00701555 -0.011762 -0.00866635 0.00701555 -0.0113779 -0.00853592 0.00751555 -0.0110099 -0.00853592 0.00701555 -0.0110099 -0.00835646 0.00751555 -0.010664 -0.00813567 0.00751555 -0.010342 -0.00835646 0.00701555 -0.010664 -0.00813567 0.00701555 -0.010342 -0.00788206 0.00751555 -0.010045 -0.00788206 0.00701555 -0.010045 -0.0076028 0.00751555 -0.00977203 -0.00730335 0.00751555 -0.00952161 -0.0076028 0.00701555 -0.00977203 -0.00730335 0.00701555 -0.00952161 -0.00766664 0.00701555 -0.0141681 -0.00737198 0.00701555 -0.0144236 -0.00766664 0.00751555 -0.0141681 -0.00737198 0.00751555 -0.0144236 -0.0070601 0.00701555 -0.014658 -0.0070601 0.00751555 -0.014658 -0.00673429 0.00701555 -0.0148728 -0.00639742 0.00701555 -0.0150696 -0.00673429 0.00751555 -0.0148728 -0.00639742 0.00751555 -0.0150696 -0.00605147 0.00701555 -0.01525 -0.00605147 0.00751555 -0.01525 -0.00569793 0.00701555 -0.015415 -0.00533797 0.00701555 -0.0155655 -0.00569793 0.00751555 -0.015415 -0.00533797 0.00751555 -0.0155655 -0.0049726 0.00701555 -0.0157025 -0.0049726 0.00751555 -0.0157025 -0.00460275 0.00701555 -0.0158268 -0.00422917 0.00701555 -0.0159393 -0.00460275 0.00751555 -0.0158268 -0.00422917 0.00751555 -0.0159393 -0.00385241 0.00701555 -0.0160405 -0.00385241 0.00751555 -0.0160405 -0.00347273 0.00701555 -0.0161304 -0.00347273 0.00751555 -0.0161304 -0.00730335 0.00751555 -0.00952161 -0.00762131 0.00701555 -0.00926907 -0.00762131 0.00751555 -0.00926907 -0.00730335 0.00701555 -0.00952161 -0.00790389 0.00701555 -0.00914274 -0.00762131 0.00751555 -0.00926907 -0.00762131 0.00701555 -0.00926907 -0.00857658 0.00701555 -0.0085149 -0.00838812 0.00751555 -0.00876045 -0.00838812 0.00701555 -0.00876045 -0.00816184 0.00701555 -0.00897165 -0.00816184 0.00751555 -0.00897165 -0.00790389 0.00751555 -0.00914274 -0.00872207 0.00701555 -0.0082417 -0.00872207 0.00751555 -0.0082417 -0.00857658 0.00751555 -0.0085149 -0.00973789 0.00701555 -0.00701231 -0.00872207 0.00751555 -0.0082417 -0.00872207 0.00701555 -0.0082417 -0.0116952 0.00701555 -0.00268706 -0.0112357 0.00751555 -0.00421372 -0.0112357 0.00701555 -0.00421372 -0.0105783 0.00701555 -0.00566518 -0.0105783 0.00751555 -0.00566518 -0.00973789 0.00751555 -0.00701231 -0.0119483 0.00701555 -0.00111251 -0.0119483 0.00751555 -0.00111251 -0.0116952 0.00751555 -0.00268706 -0.00839944 0.00701555 -0.0132604 -0.00892941 0.00701555 -0.013875 -0.00856921 0.00701555 -0.0129092 -0.00813567 0.00701555 -0.010342 -0.00816184 0.00701555 -0.00897165 -0.00788206 0.00701555 -0.010045 -0.00838812 0.00701555 -0.00876045 -0.00835646 0.00701555 -0.010664 -0.00857658 0.00701555 -0.0085149 -0.010133 0.00701555 -0.0129385 -0.00866635 0.00701555 -0.0113779 -0.00873785 0.00701555 -0.011762 -0.0112095 0.00701555 -0.0118519 -0.00874452 0.00701555 -0.0121523 -0.00868655 0.00701555 -0.0125377 -0.00766664 0.00701555 -0.0141681 -0.00794002 0.00701555 -0.0138899 -0.00537763 0.00701555 -0.0155991 -0.00569793 0.00701555 -0.015415 -0.00533797 0.00701555 -0.0155655 -0.00673429 0.00701555 -0.0148728 -0.00720527 0.00701555 -0.0148437 -0.0070601 0.00701555 -0.014658 -0.0049726 0.00701555 -0.0157025 -0.00480541 0.00701555 -0.0157587 -0.00385241 0.00701555 -0.0160405 -0.00347273 0.00701555 -0.0161304 -0.00422917 0.00701555 -0.0159393 -0.00790389 0.00701555 -0.00914274 -0.00460275 0.00701555 -0.0158268 -0.00605147 0.00701555 -0.01525 -0.00639742 0.00701555 -0.0150696 -0.00737198 0.00701555 -0.0144236 -0.00818662 0.00701555 -0.0135876 -0.00853592 0.00701555 -0.0110099 -0.0076028 0.00701555 -0.00977203 -0.00872207 0.00701555 -0.0082417 -0.00973789 0.00701555 -0.00701231 -0.00762131 0.00701555 -0.00926907 -0.0121162 0.00701555 -0.0106313 -0.0128151 0.00701555 -0.0093021 -0.0132774 0.00701555 -0.00789796 -0.0105783 0.00701555 -0.00566518 -0.00730335 0.00701555 -0.00952161 -0.0134867 0.00701555 -0.00645792 -0.0116952 0.00701555 -0.00268706 -0.0112357 0.00701555 -0.00421372 -0.0131518 0.00701555 -0.00363234 -0.0134409 0.00701555 -0.00502299 -0.0119483 0.00701555 -0.00111251 -0.0126434 0.00701555 -0.00232 -0.00892941 0.00751555 -0.013875 -0.00856921 0.00751555 -0.0129092 -0.00868655 0.00751555 -0.0125377 -0.00537763 0.00751555 -0.0155991 -0.00480541 0.00751555 -0.0157587 -0.0049726 0.00751555 -0.0157025 -0.00766664 0.00751555 -0.0141681 -0.00720527 0.00751555 -0.0148437 -0.00737198 0.00751555 -0.0144236 -0.00385241 0.00751555 -0.0160405 -0.00347273 0.00751555 -0.0161304 -0.00422917 0.00751555 -0.0159393 -0.00605147 0.00751555 -0.01525 -0.00569793 0.00751555 -0.015415 -0.00460275 0.00751555 -0.0158268 -0.00533797 0.00751555 -0.0155655 -0.00639742 0.00751555 -0.0150696 -0.00673429 0.00751555 -0.0148728 -0.0070601 0.00751555 -0.014658 -0.00872207 0.00751555 -0.0082417 -0.00853592 0.00751555 -0.0110099 -0.00857658 0.00751555 -0.0085149 -0.00794002 0.00751555 -0.0138899 -0.00839944 0.00751555 -0.0132604 -0.00818662 0.00751555 -0.0135876 -0.00874452 0.00751555 -0.0121523 -0.010133 0.00751555 -0.0129385 -0.0112095 0.00751555 -0.0118519 -0.00973789 0.00751555 -0.00701231 -0.0121162 0.00751555 -0.0106313 -0.0105783 0.00751555 -0.00566518 -0.0132774 0.00751555 -0.00789796 -0.0128151 0.00751555 -0.0093021 -0.00816184 0.00751555 -0.00897165 -0.00838812 0.00751555 -0.00876045 -0.00813567 0.00751555 -0.010342 -0.00835646 0.00751555 -0.010664 -0.00788206 0.00751555 -0.010045 -0.00790389 0.00751555 -0.00914274 -0.00730335 0.00751555 -0.00952161 -0.00762131 0.00751555 -0.00926907 -0.0076028 0.00751555 -0.00977203 -0.0112357 0.00751555 -0.00421372 -0.0134867 0.00751555 -0.00645792 -0.0116952 0.00751555 -0.00268706 -0.0131518 0.00751555 -0.00363234 -0.0134409 0.00751555 -0.00502299 -0.0126434 0.00751555 -0.00232 -0.0119483 0.00751555 -0.00111251 -0.00866635 0.00751555 -0.0113779 -0.00873785 0.00751555 -0.011762</float_array>
          <technique_common>
            <accessor count="214" source="#ID53" stride="3">
              <param name="X" type="float"/>
              <param name="Y" type="float"/>
              <param name="Z" type="float"/>
            </accessor>
          </technique_common>
        </source>
        <source id="ID54">
          <float_array count="642" id="ID55">-0.904778 0 0.425884 -0.828391 0 0.56015 -0.828391 0 0.56015 -0.998041 0 -0.0625689 -0.994122 0 0.108264 -0.994122 0 0.108264 -0.961847 0 0.273589 -0.961847 0 0.273589 -0.904778 0 0.425884 -0.922249 0 -0.386597 -0.922249 0 -0.386597 -0.850465 0 -0.526032 -0.998041 0 -0.0625689 -0.973145 0 -0.230193 -0.973145 0 -0.230193 -0.763696 0 -0.645576 -0.763696 0 -0.645576 -0.667351 0 -0.744744 -0.850465 0 -0.526032 -0.565652 0 -0.824644 -0.66735 0 -0.744744 -0.565652 0 -0.824644 -0.325917 0 -0.945399 -0.325917 0 -0.945399 -0.436683 0 -0.899615 -0.210469 0 -0.977601 -0.210469 0 -0.977601 -0.436683 0 -0.899615 -0.541176 0 -0.840909 -0.541176 0 -0.840909 0.806512 0 0.591218 0.743336 0 0.668918 0.743298 0 0.66896 0.806451 0 0.591301 0.869799 0 0.493405 0.869824 0 0.493362 0.928109 0 0.372308 0.97374 0 0.227662 0.928234 0 0.371998 0.973789 0 0.227452 0.997854 0 0.0654735 0.997882 0 0.0650463 0.99475 0 -0.102339 0.965135 0 -0.261753 0.994665 0 -0.103161 0.965001 0 -0.262248 0.915811 0 -0.401611 0.915783 0 -0.401673 0.855743 0 -0.517401 0.792097 0 -0.610395 0.855731 0 -0.517422 0.792123 0 -0.610362 0.729405 0 -0.684083 0.729476 0 -0.684006 0.669998 0 -0.742363 0.614739 0 -0.788731 0.669996 0 -0.742364 0.614739 0 -0.788731 0.683003 0 0.730416 0.626748 0 0.779222 0.683099 0 0.730326 0.626872 0 0.779122 0.574781 0 0.818307 0.57489 0 0.818231 0.526897 0 0.849929 0.482683 0 0.875795 0.526964 0 0.849887 0.482762 0 0.875752 0.441756 0 0.897135 0.441842 0 0.897093 0.403708 0 0.914888 0.368146 0 0.929768 0.403765 0 0.914863 0.36817 0 0.929759 0.3347 0 0.942325 0.334734 0 0.942312 0.303105 0 0.952957 0.273119 0 0.96198 0.303173 0 0.952936 0.273156 0 0.96197 0.24451 0 0.969647 0.244503 0 0.969649 0.217073 0 0.976155 0.217073 0 0.976155 0.608612 0 0.793468 0.635109 0 0.772422 0.635109 0 0.772422 0.608612 0 0.793468 0.482076 0 0.876129 0.331367 0 0.943502 0.331367 0 0.943502 0.840841 0 0.541282 0.740332 0 0.672241 0.740332 0 0.672241 0.619648 0 0.78488 0.619648 0 0.78488 0.482076 0 0.876129 0.918435 0 0.395572 0.918435 0 0.395572 0.840841 0 0.541282 0.811408 0 0.58448 0.726839 0 0.686808 0.726839 0 0.686808 0.97464 0 0.22378 0.93641 0 0.350908 0.93641 0 0.350908 0.881678 0 0.471852 0.881678 0 0.471852 0.811408 0 0.58448 0.995693 0 0.0927088 0.995693 0 0.0927088 0.97464 0 0.22378 0 -1 0 0 -1 0 0 -1 0 0 -1 0 0 -1 0 0 -1 0 0 -1 0 0 -1 0 0 -1 0 0 -1 0 0 -1 0 0 -1 0 0 -1 0 0 -1 0 0 -1 0 0 -1 0 0 -1 0 0 -1 0 0 -1 0 0 -1 0 0 -1 0 0 -1 0 0 -1 0 0 -1 0 0 -1 0 0 -1 0 0 -1 0 0 -1 0 0 -1 0 0 -1 0 0 -1 0 0 -1 0 0 -1 0 0 -1 0 0 -1 0 0 -1 0 0 -1 0 0 -1 0 0 -1 0 0 -1 0 0 -1 0 0 -1 0 0 -1 0 0 -1 0 0 -1 0 0 -1 0 0 -1 0 0 -1 0 0 -1 0 0 -1 0 0 -1 0 0 1 0 0 1 0 0 1 0 0 1 0 0 1 0 0 1 0 0 1 0 0 1 0 0 1 0 0 1 0 0 1 0 0 1 0 0 1 0 0 1 0 0 1 0 0 1 0 0 1 0 0 1 0 0 1 0 0 1 0 0 1 0 0 1 0 0 1 0 0 1 0 0 1 0 0 1 0 0 1 0 0 1 0 0 1 0 0 1 0 0 1 0 0 1 0 0 1 0 0 1 0 0 1 0 0 1 0 0 1 0 0 1 0 0 1 0 0 1 0 0 1 0 0 1 0 0 1 0 0 1 0 0 1 0 0 1 0 0 1 0 0 1 0 0 1 0 0 1 0 0 1 0</float_array>
          <technique_common>
            <accessor count="214" source="#ID55" stride="3">
              <param name="X" type="float"/>
              <param name="Y" type="float"/>
              <param name="Z" type="float"/>
            </accessor>
          </technique_common>
        </source>
        <vertices id="ID56">
          <input semantic="POSITION" source="#ID52"/>
          <input semantic="NORMAL" source="#ID54"/>
        </vertices>
        <triangles count="196" material="ID42">
          <input offset="0" semantic="VERTEX" source="#ID56"/>
          <p>0 2 1 3 5 4 6 8 7 9 11 10 12 14 13 15 17 16 16 18 15 19 17 20 15 20 17 21 19 20 18 11 9 11 18 16 14 10 13 14 9 10 12 3 4 12 13 3 5 6 7 4 5 7 0 1 8 6 0 8 22 24 23 25 26 22 22 23 25 23 24 27 24 28 27 27 28 29 30 32 31 30 34 33 33 32 30 35 34 36 34 35 33 37 38 36 35 36 38 37 40 39 39 38 37 41 40 42 40 41 39 43 44 42 41 42 44 43 46 45 45 44 43 47 46 48 46 47 45 49 50 48 47 48 50 49 52 51 51 50 49 53 52 54 52 53 51 55 56 54 53 54 56 57 56 55 58 31 32 59 60 58 31 58 60 59 62 61 61 60 59 63 62 64 62 63 61 65 66 64 63 64 66 65 68 67 67 66 65 69 68 70 68 69 67 71 72 70 69 70 72 71 74 73 73 72 71 75 74 76 74 75 73 77 78 76 75 76 78 77 80 79 79 78 77 81 80 82 80 81 79 81 82 83 84 86 85 85 87 84 88 90 89 91 93 92 94 96 95 97 99 98 99 97 91 92 93 95 99 91 92 94 88 96 93 94 95 89 96 88 100 102 101 103 105 104 106 108 107 109 111 110 111 109 103 104 105 107 111 103 104 106 100 108 105 106 107 101 108 100 112 114 113 115 117 116 116 118 115 119 115 118 119 118 120 121 123 122 121 122 124 125 121 126 127 128 113 129 131 130 132 134 133 129 136 135 137 138 136 136 139 137 116 117 140 136 141 139 130 142 129 129 135 131 129 142 133 132 133 143 133 142 143 134 144 133 113 133 127 144 127 133 128 145 113 126 113 114 145 112 113 123 121 125 126 121 113 146 124 122 119 120 146 117 147 140 148 149 124 147 150 140 149 152 151 153 152 154 147 155 150 146 148 124 120 148 146 124 149 151 152 149 154 156 153 154 157 159 158 156 158 160 158 156 154 160 158 159 161 162 157 159 157 162 163 165 164 166 168 167 169 171 170 172 167 173 167 172 174 175 176 166 167 174 177 166 176 178 166 178 168 170 179 175 166 170 175 170 181 180 179 170 180 181 170 171 182 184 183 185 169 163 170 163 169 186 187 163 163 187 185 188 165 189 163 164 186 190 192 191 193 195 194 196 198 197 199 197 198 198 196 200 196 201 200 202 204 203 204 200 201 199 184 197 204 201 203 183 190 182 183 184 199 195 193 191 193 206 205 207 205 208 206 193 194 205 209 208 210 207 208 206 209 205 207 210 211 190 191 182 195 191 192 189 190 212 190 183 212 213 188 189 213 189 212 189 165 163</p>
        </triangles>
      </mesh>
    </geometry>
    <geometry id="ID58">
      <mesh>
        <source id="ID59">
          <float_array count="456" id="ID60">-0.0088686 0.00751555 -0.00765484 -0.0088686 0.00701555 -0.00734516 -0.0088686 0.00751555 -0.00734516 -0.007 0.00701555 -0.009375 -0.007 0.00751555 -0.009375 -0.00669139 0.00751555 -0.00934943 -0.00881763 0.00751555 -0.00703971 -0.00881763 0.00701555 -0.00703971 -0.00871707 0.00701555 -0.00674682 -0.00871707 0.00751555 -0.00674682 -0.00856969 0.00701555 -0.00647447 -0.00856969 0.00751555 -0.00647447 -0.00837948 0.00751555 -0.0062301 -0.00837948 0.00701555 -0.0062301 -0.00815165 0.00701555 -0.00602036 -0.00815165 0.00751555 -0.00602036 -0.0078924 0.00701555 -0.00585099 -0.0078924 0.00751555 -0.00585099 -0.00760881 0.00751555 -0.00572659 -0.00760881 0.00701555 -0.00572659 -0.00730861 0.00701555 -0.00565057 -0.00730861 0.00751555 -0.00565057 -0.007 0.00701555 -0.005625 -0.007 0.00751555 -0.005625 -0.0088686 0.00701555 -0.00765484 -0.00881763 0.00751555 -0.00796029 -0.00881763 0.00701555 -0.00796029 -0.00871707 0.00751555 -0.00825318 -0.00871707 0.00701555 -0.00825318 -0.00856969 0.00701555 -0.00852553 -0.00856969 0.00751555 -0.00852553 -0.00837948 0.00751555 -0.0087699 -0.00837948 0.00701555 -0.0087699 -0.00815165 0.00751555 -0.00897964 -0.00815165 0.00701555 -0.00897964 -0.0078924 0.00701555 -0.00914901 -0.0078924 0.00751555 -0.00914901 -0.00760881 0.00751555 -0.00927341 -0.00760881 0.00701555 -0.00927341 -0.00730861 0.00751555 -0.00934943 -0.00730861 0.00701555 -0.00934943 -0.00639119 0.00701555 -0.00927341 -0.00669139 0.00701555 -0.00934943 -0.00639119 0.00751555 -0.00927341 -0.00562052 0.00701555 -0.0087699 -0.00584835 0.00701555 -0.00897964 -0.00562052 0.00751555 -0.0087699 -0.0061076 0.00701555 -0.00914901 -0.0061076 0.00751555 -0.00914901 -0.00584835 0.00751555 -0.00897964 -0.00528292 0.00701555 -0.00825318 -0.00518237 0.00751555 -0.00796029 -0.00518237 0.00701555 -0.00796029 -0.00543031 0.00751555 -0.00852553 -0.00528292 0.00751555 -0.00825318 -0.00543031 0.00701555 -0.00852553 -0.00518237 0.00751555 -0.00703971 -0.00518237 0.00701555 -0.00703971 -0.0051314 0.00701555 -0.00734516 -0.0051314 0.00751555 -0.00734516 -0.0051314 0.00701555 -0.00765484 -0.0051314 0.00751555 -0.00765484 -0.00562052 0.00701555 -0.0062301 -0.00543031 0.00701555 -0.00647447 -0.00562052 0.00751555 -0.0062301 -0.00528292 0.00701555 -0.00674682 -0.00528292 0.00751555 -0.00674682 -0.00543031 0.00751555 -0.00647447 -0.0061076 0.00751555 -0.00585099 -0.00584835 0.00701555 -0.00602036 -0.00584835 0.00751555 -0.00602036 -0.00639119 0.00751555 -0.00572659 -0.0061076 0.00701555 -0.00585099 -0.00639119 0.00701555 -0.00572659 -0.00669139 0.00751555 -0.00565057 -0.00669139 0.00701555 -0.00565057 -0.007 0.00701555 -0.005625 -0.00528292 0.00701555 -0.00825318 -0.00518237 0.00701555 -0.00796029 -0.00639119 0.00701555 -0.00572659 -0.0051314 0.00701555 -0.00765484 -0.0051314 0.00701555 -0.00734516 -0.00518237 0.00701555 -0.00703971 -0.0061076 0.00701555 -0.00585099 -0.00669139 0.00701555 -0.00565057 -0.00528292 0.00701555 -0.00674682 -0.00543031 0.00701555 -0.00647447 -0.00562052 0.00701555 -0.0062301 -0.00584835 0.00701555 -0.00602036 -0.00730861 0.00701555 -0.00565057 -0.00543031 0.00701555 -0.00852553 -0.00562052 0.00701555 -0.0087699 -0.00760881 0.00701555 -0.00572659 -0.0078924 0.00701555 -0.00585099 -0.00584835 0.00701555 -0.00897964 -0.00815165 0.00701555 -0.00602036 -0.0061076 0.00701555 -0.00914901 -0.00639119 0.00701555 -0.00927341 -0.00837948 0.00701555 -0.0062301 -0.00856969 0.00701555 -0.00647447 -0.00669139 0.00701555 -0.00934943 -0.00871707 0.00701555 -0.00674682 -0.00881763 0.00701555 -0.00703971 -0.007 0.00701555 -0.009375 -0.00760881 0.00701555 -0.00927341 -0.0088686 0.00701555 -0.00765484 -0.0078924 0.00701555 -0.00914901 -0.0088686 0.00701555 -0.00734516 -0.00730861 0.00701555 -0.00934943 -0.00837948 0.00701555 -0.0087699 -0.00871707 0.00701555 -0.00825318 -0.00856969 0.00701555 -0.00852553 -0.00815165 0.00701555 -0.00897964 -0.00881763 0.00701555 -0.00796029 -0.007 0.00751555 -0.005625 -0.00518237 0.00751555 -0.00796029 -0.00528292 0.00751555 -0.00825318 -0.00639119 0.00751555 -0.00572659 -0.0051314 0.00751555 -0.00734516 -0.0051314 0.00751555 -0.00765484 -0.00518237 0.00751555 -0.00703971 -0.0061076 0.00751555 -0.00585099 -0.00669139 0.00751555 -0.00565057 -0.00528292 0.00751555 -0.00674682 -0.00562052 0.00751555 -0.0062301 -0.00543031 0.00751555 -0.00647447 -0.00584835 0.00751555 -0.00602036 -0.00543031 0.00751555 -0.00852553 -0.00730861 0.00751555 -0.00565057 -0.00562052 0.00751555 -0.0087699 -0.00760881 0.00751555 -0.00572659 -0.0078924 0.00751555 -0.00585099 -0.00584835 0.00751555 -0.00897964 -0.00815165 0.00751555 -0.00602036 -0.0061076 0.00751555 -0.00914901 -0.00639119 0.00751555 -0.00927341 -0.00837948 0.00751555 -0.0062301 -0.00856969 0.00751555 -0.00647447 -0.00669139 0.00751555 -0.00934943 -0.00871707 0.00751555 -0.00674682 -0.00881763 0.00751555 -0.00703971 -0.007 0.00751555 -0.009375 -0.00760881 0.00751555 -0.00927341 -0.0078924 0.00751555 -0.00914901 -0.0088686 0.00751555 -0.00765484 -0.00730861 0.00751555 -0.00934943 -0.0088686 0.00751555 -0.00734516 -0.00837948 0.00751555 -0.0087699 -0.00856969 0.00751555 -0.00852553 -0.00871707 0.00751555 -0.00825318 -0.00881763 0.00751555 -0.00796029 -0.00815165 0.00751555 -0.00897964</float_array>
          <technique_common>
            <accessor count="152" source="#ID60" stride="3">
              <param name="X" type="float"/>
              <param name="Y" type="float"/>
              <param name="Z" type="float"/>
            </accessor>
          </technique_common>
        </source>
        <source id="ID61">
          <float_array count="456" id="ID62">-0.996584 0 -0.0825794 -0.996584 0 0.0825794 -0.996584 0 0.0825794 -8.74228e-08 0 -1 -8.74228e-08 0 -1 0.164595 0 -0.986361 -0.9694 0 0.245485 -0.9694 0 0.245486 -0.915773 0 0.401695 -0.915773 0 0.401695 -0.837166 0 0.546948 -0.837166 0 0.546948 -0.735724 0 0.677282 -0.735724 0 0.677282 -0.614213 0 0.78914 -0.614213 0 0.789141 -0.475948 0 0.879474 -0.475947 0 0.879474 -0.324699 0 0.945817 -0.3247 0 0.945817 -0.164595 0 0.986361 -0.164595 0 0.986361 1.74846e-07 0 1 -3.01992e-07 0 1 -0.996584 0 -0.0825794 -0.9694 0 -0.245486 -0.9694 0 -0.245486 -0.915773 0 -0.401695 -0.915773 0 -0.401695 -0.837167 0 -0.546948 -0.837167 0 -0.546948 -0.735724 0 -0.677282 -0.735724 0 -0.677282 -0.614213 0 -0.78914 -0.614213 0 -0.78914 -0.475947 0 -0.879474 -0.475947 0 -0.879474 -0.324699 0 -0.945817 -0.324699 0 -0.945817 -0.164595 0 -0.986361 -0.164595 0 -0.986361 0.3247 0 -0.945817 0.164595 0 -0.986361 0.324699 0 -0.945817 0.735724 0 -0.677282 0.614213 0 -0.789141 0.735724 0 -0.677282 0.475947 0 -0.879474 0.475947 0 -0.879474 0.614213 0 -0.78914 0.915773 0 -0.401695 0.9694 0 -0.245485 0.9694 0 -0.245485 0.837166 0 -0.546948 0.915773 0 -0.401695 0.837166 0 -0.546948 0.9694 0 0.245485 0.9694 0 0.245485 0.996584 0 0.0825794 0.996584 0 0.0825794 0.996584 0 -0.0825794 0.996584 0 -0.0825792 0.735724 0 0.677282 0.837166 0 0.546948 0.735724 0 0.677282 0.915773 0 0.401695 0.915773 0 0.401695 0.837166 0 0.546948 0.475947 0 0.879474 0.614213 0 0.789141 0.614213 0 0.789141 0.324699 0 0.945817 0.475947 0 0.879474 0.324699 0 0.945817 0.164595 0 0.986361 0.164595 0 0.986361 0 -1 0 0 -1 0 0 -1 0 0 -1 0 0 -1 0 0 -1 0 0 -1 0 0 -1 0 0 -1 0 0 -1 0 0 -1 0 0 -1 0 0 -1 0 0 -1 0 0 -1 0 0 -1 0 0 -1 0 0 -1 0 0 -1 0 0 -1 0 0 -1 0 0 -1 0 0 -1 0 0 -1 0 0 -1 0 0 -1 0 0 -1 0 0 -1 0 0 -1 0 0 -1 0 0 -1 0 0 -1 0 0 -1 0 0 -1 0 0 -1 0 0 -1 0 0 -1 0 0 -1 0 0 1 0 0 1 0 0 1 0 0 1 0 0 1 0 0 1 0 0 1 0 0 1 0 0 1 0 0 1 0 0 1 0 0 1 0 0 1 0 0 1 0 0 1 0 0 1 0 0 1 0 0 1 0 0 1 0 0 1 0 0 1 0 0 1 0 0 1 0 0 1 0 0 1 0 0 1 0 0 1 0 0 1 0 0 1 0 0 1 0 0 1 0 0 1 0 0 1 0 0 1 0 0 1 0 0 1 0 0 1 0 0 1 0</float_array>
          <technique_common>
            <accessor count="152" source="#ID62" stride="3">
              <param name="X" type="float"/>
              <param name="Y" type="float"/>
              <param name="Z" type="float"/>
            </accessor>
          </technique_common>
        </source>
        <vertices id="ID63">
          <input semantic="POSITION" source="#ID59"/>
          <input semantic="NORMAL" source="#ID61"/>
        </vertices>
        <triangles count="148" material="ID10">
          <input offset="0" semantic="VERTEX" source="#ID63"/>
          <p>0 1 2 3 4 5 6 2 7 1 7 2 8 9 6 6 7 8 9 10 11 10 9 8 12 11 13 10 13 11 14 15 12 12 13 14 15 16 17 16 15 14 18 17 19 16 19 17 20 21 18 18 19 20 22 21 20 22 23 21 1 0 24 25 26 24 24 0 25 26 27 28 27 26 25 29 28 30 27 30 28 31 32 29 29 30 31 32 33 34 33 32 31 35 34 36 33 36 34 37 38 35 35 36 37 38 39 40 39 38 37 39 4 40 41 42 43 40 4 3 44 45 46 47 48 49 50 51 52 53 54 55 56 57 58 59 60 61 62 63 64 65 66 67 68 69 70 62 70 69 68 71 72 72 69 68 73 71 74 71 73 72 23 75 74 73 74 75 22 75 23 63 67 64 62 64 70 65 57 66 63 65 67 56 58 59 66 57 56 61 60 52 59 58 60 54 51 50 51 61 52 44 53 55 55 54 50 45 49 46 44 46 53 47 41 48 45 47 49 43 42 5 48 41 43 3 5 42 76 77 78 79 80 81 82 83 81 79 84 80 85 86 87 88 85 87 83 82 88 88 82 85 84 78 80 83 79 81 76 78 84 77 89 90 77 76 89 91 90 92 89 92 90 93 94 91 91 92 93 95 94 93 95 96 94 97 96 98 95 98 96 97 98 99 100 99 101 99 100 97 102 103 101 100 101 103 104 105 106 102 107 108 109 110 111 110 112 113 106 113 112 112 110 109 104 107 105 106 105 113 102 108 103 104 108 107 114 115 116 117 118 119 120 118 121 117 119 122 123 124 125 126 124 123 121 126 120 126 123 120 122 119 115 121 118 117 114 122 115 116 127 128 116 128 114 129 130 127 128 127 130 131 129 132 129 131 130 133 131 132 133 132 134 135 136 134 133 134 136 135 137 136 138 139 137 137 135 138 140 139 141 138 141 139 142 143 144 140 145 146 147 148 149 149 150 151 143 151 150 151 147 149 142 144 146 143 150 144 140 141 145 142 146 145</p>
        </triangles>
      </mesh>
    </geometry>
  </library_geometries>

  <library_visual_scenes>
    <visual_scene id="ID1">
      <node id="ID2" name="eye">
        <node>
          <matrix>1 0 0 0 0 1 0 0 0 0 1 0 0 0 0 1</matrix>
          <instance_node url="#ID3"/>
        </node>
        <node>
          <matrix>1 0 0 0 0 1 0 0 0 0 1 0 0 0 0 1</matrix>
          <instance_node url="#ID11"/>
        </node>
        <node>
          <matrix>1 0 0 0 0 1 0 0 0 0 1 0 0 0 0 1</matrix>
          <instance_node url="#ID19"/>
        </node>
        <node>
          <matrix>1 0 0 0 0 1 0 0 0 0 1 0 0 0 0 1</matrix>
          <instance_node url="#ID27"/>
        </node>
        <node>
          <matrix>1 0 0 0 0 1 0 0 0 0 1 0 0 0 0 1</matrix>
          <instance_node url="#ID35"/>
        </node>
        <node>
          <matrix>1 0 0 0 0 1 0 0 0 0 1 0 0 0 0 1</matrix>
          <instance_node url="#ID43"/>
        </node>
        <node>
          <matrix>1 0 0 0 0 1 0 0 0 0 1 0 0 0 0 1</matrix>
          <instance_node url="#ID50"/>
        </node>
        <node>
          <matrix>1 0 0 0 0 1 0 0 0 0 1 0 0 0 0 1</matrix>
          <instance_node url="#ID57"/>
        </node>
      </node>
    </visual_scene>
  </library_visual_scenes>

  <scene>
    <instance_visual_scene url="#ID1"/>
  </scene>

  <library_nodes>
    <node id="ID3" name="Part 88">
      <instance_geometry url="#ID4">
        <bind_material>
          <technique_common>
            <instance_material symbol="ID10" target="#ID10"/>
          </technique_common>
        </bind_material>
      </instance_geometry>
    </node>
    <node id="ID11" name="Part 86">
      <instance_geometry url="#ID12">
        <bind_material>
          <technique_common>
            <instance_material symbol="ID18" target="#ID18"/>
          </technique_common>
        </bind_material>
      </instance_geometry>
    </node>
    <node id="ID19" name="Part 93">
      <instance_geometry url="#ID20">
        <bind_material>
          <technique_common>
            <instance_material symbol="ID26" target="#ID26"/>
          </technique_common>
        </bind_material>
      </instance_geometry>
    </node>
    <node id="ID27" name="Part 90">
      <instance_geometry url="#ID28">
        <bind_material>
          <technique_common>
            <instance_material symbol="ID34" target="#ID34"/>
          </technique_common>
        </bind_material>
      </instance_geometry>
    </node>
    <node id="ID35" name="Part 92">
      <instance_geometry url="#ID36">
        <bind_material>
          <technique_common>
            <instance_material symbol="ID42" target="#ID42"/>
          </technique_common>
        </bind_material>
      </instance_geometry>
    </node>
    <node id="ID43" name="Part 87">
      <instance_geometry url="#ID44">
        <bind_material>
          <technique_common>
            <instance_material symbol="ID18" target="#ID18"/>
          </technique_common>
        </bind_material>
      </instance_geometry>
    </node>
    <node id="ID50" name="Part 91">
      <instance_geometry url="#ID51">
        <bind_material>
          <technique_common>
            <instance_material symbol="ID42" target="#ID42"/>
          </technique_common>
        </bind_material>
      </instance_geometry>
    </node>
    <node id="ID57" name="Part 89">
      <instance_geometry url="#ID58">
        <bind_material>
          <technique_common>
            <instance_material symbol="ID10" target="#ID10"/>
          </technique_common>
        </bind_material>
      </instance_geometry>
    </node>
  </library_nodes>

</COLLADA>
